symbol,total_pnl,premium,option_pnl,stock_pnl,costs,cycles,assignments,assignment_rate,capital_days_share,pnl_share_of_total
TATAMOTORS,-4464375.834794286,1995802.4224999999,100334.92249999987,-4492542.65625,72168.1010442855,13,1,0.07692307692307693,0.04969427217864177,-0.24362652820103478
HCLTECH,-4265652.468750412,448754.04,-3038785.959999999,-1109080.000000001,117786.5087504117,6,2,0.3333333333333333,0.016704200565726864,-0.23278194756237908
NESTLEIND,-1690128.2907589765,266121.375,-1688768.625000001,0.0,1359.6657589755007,5,0,0.0,0.007058516315643254,-0.09223239774814614
INFY,-1642063.9945330601,755231.3200000001,-1624188.6800000002,-12796.229999999923,5079.0845330599,10,1,0.1,0.014497913793602941,-0.08960946947031541
TRENT,-1322041.3189550515,466513.02,-1097486.98,-176200.00000000073,48354.33895505067,2,1,0.5,0.023906583795086554,-0.07214543501581726
SBIN,-998047.0856122456,1504966.95,-2398108.05,1485824.9999999993,85764.0356122453,14,1,0.07142857142857142,0.028644047075714926,-0.054464667726631145
WIPRO,-980170.3699308463,624988.08,-978211.9199999999,0.0,1958.4499308463999,6,0,0.0,0.008666160166460662,-0.05348911317247543
MARUTI,-797278.4085710715,1251095.535,-1813536.9649999994,1127550.0000000002,111291.4435710721,12,2,0.16666666666666666,0.01941963831725869,-0.043508471929260537
BAJAJFINSV,-668980.9415457866,1146769.6475,-666305.3524999998,0.0,2675.58904578665,11,0,0.0,0.015146046267143687,-0.0365071199765979
TECHM,-583851.4204676967,937123.92,-2440396.079999999,1971359.9999999995,114815.34046769704,8,2,0.25,0.05704946466686141,-0.03186149639221446
KOTAKBANK,-551586.4225595932,616376.2,-549943.8000000009,0.0,1642.6225595924006,7,0,0.0,0.006973370701205203,-0.030100755425582305
GAIL,-86592.67796809999,255590.0,-86009.99999999999,0.0,582.6779680999999,2,0,0.0,0.001961150876246394,-0.00472546987119209
TITAN,-35763.80328679927,472973.53750000003,-34753.96249999934,0.0,1009.8407867999248,8,0,0.0,0.00960574943727049,-0.0019516751170724745
ASIANPAINT,17824.349022013033,604624.29,-342693.20999999973,412200.0,51682.4409779872,7,1,0.14285714285714285,0.00982187525174825,0.0009726968405823392
IOC,139862.01176481234,379665.0,113165.00000000038,58764.87499999946,32067.863235187502,4,1,0.25,0.003641633984767201,0.007632443507087395
ICICIBANK,142928.59462404953,606158.05,-266554.4500000005,479600.00000000023,70116.95537595026,6,1,0.16666666666666666,0.010597532765690778,0.007799790738387687
POWERGRID,176784.18306844047,791670.0,178230.00000000047,0.0,1445.8169315599998,10,0,0.0,0.012401374599215805,0.009647332204011202
BRITANNIA,195417.93611360856,193444.88999999998,186774.14,11554.960000000028,2911.16388639148,5,1,0.2,0.0048302266851992515,0.010664199226354752
BAJFINANCE,202660.8959488602,2210026.6,-2653104.65,3009383.7375000007,153618.19155114063,17,3,0.17647058823529413,0.027505497271990923,0.011059456530815815
HINDUNILVR,238328.88227084102,238738.65,238738.65,0.0,409.767729159,6,0,0.0,0.00640314267338452,0.013005902797239214
BEL,254986.1945784859,557276.46,256031.45999999956,0.0,1045.2654215136404,4,0,0.0,0.0064285091169433645,0.013914912996390354
ULTRACEMCO,282987.2940309945,856018.49,360065.9899999992,-6639.390000000276,70439.30596900436,13,1,0.07692307692307693,0.019065618024479036,0.015442967734134205
APOLLOHOSP,307309.007462843,307771.025,307771.025,0.0,462.017537157,4,0,0.0,0.00550679771478258,0.01677023381176155
GRASIM,334087.46183178434,334608.05,334608.05,0.0,520.58816821565,4,0,0.0,0.006996533816603315,0.018231567290374385
ETERNAL,338953.1274577776,339482.54,339482.54,0.0,529.41254222236,2,0,0.0,0.004001801243351021,0.018497092700356467
JIOFIN,354280.15189293,354855.0,354855.0,0.0,574.8481070700001,3,0,0.0,0.006087401332159057,0.019333507439833853
SBILIFE,359956.6767067285,360543.9375,360543.9375,0.0,587.26079327145,6,0,0.0,0.009192720575073676,0.01964328244171751
UPL,405578.2783109635,406106.35,406106.35,0.0,528.0716890365,3,0,0.0,0.002863138913054053,0.02213290984342185
NTPC,464515.81754462083,758124.6,717024.5999999999,-240899.99999999985,11608.782455379202,9,1,0.1111111111111111,0.020819877878665922,0.025349204482484164
LT,538071.1293340321,538993.3200000001,538993.3200000001,0.0,922.190665967905,11,0,0.0,0.012463753849593381,0.02936320910600499
HDFCBANK,563991.8080403911,564761.905,564761.905,0.0,770.0969596089,6,0,0.0,0.006905312680837465,0.03077773270247897
SUNPHARMA,579475.4209422048,891601.97,581011.9699999996,0.0,1536.5490577948,12,0,0.0,0.018304117480203733,0.03162269266885945
BPCL,605688.7196958268,785923.56,606913.5599999998,0.0,1224.8403041732001,6,0,0.0,0.010043346550474761,0.033053184904362674
ONGC,620916.5992625781,574032.2475,522552.2475,107249.77500000005,8885.423237422001,6,1,0.16666666666666666,0.009973704143778203,0.03388418918536359
EICHERMOT,651039.4696361154,858840.085,652357.5850000002,0.0,1318.11536388479,6,0,0.0,0.007218800445229559,0.03552803159472312
ITC,661404.7222152704,662317.4400000001,662317.4400000001,0.0,912.7177847296,7,0,0.0,0.010179784182715106,0.03609367628800928
RELIANCE,662101.0500235398,808336.7,572936.6999999997,102200.00000000004,13035.64997645985,9,1,0.1111111111111111,0.01006131121228563,0.03613167576043191
INDUSINDBK,690784.3598548244,1525473.35,435258.3499999996,309015.0000000004,53488.9901451757,9,1,0.1111111111111111,0.012629609917446449,0.037696959564955605
TATASTEEL,695414.5526330902,2801890.08,700450.0800000008,0.0,5035.5273669105,23,0,0.0,0.030272192537236498,0.03794963492948893
BAJAJ-AUTO,704901.1885577817,1670666.01,-2375883.9900000016,3249902.6056250017,169117.42706721812,11,2,0.18181818181818182,0.0681895634594987,0.03846733242185212
DIVISLAB,708221.9157905402,1068807.925,399057.9250000003,344229.48000000103,35065.48920946121,6,1,0.16666666666666666,0.011705967930829252,0.03864854862692927
TCS,745902.986185259,332747.9325,-329772.06749999936,1142519.9999999993,66844.94631474085,5,1,0.2,0.005744851623646285,0.040704851388810685
AXISBANK,772485.8560065764,1483701.7175,-251143.2824999987,1138499.999999998,114870.86149342282,13,1,0.07692307692307693,0.024992458676629845,0.04215551157600034
TATACONSUM,841478.9176971379,860193.63,-401066.3699999987,1337984.9999999986,95439.71230286208,6,1,0.16666666666666666,0.015935353056437368,0.04592054855129922
COALINDIA,893748.5008458847,1683018.82,-677681.1800000005,1689465.33,118035.649154115,6,3,0.5,0.014049175361979386,0.04877296455395668
ADANIPORTS,909633.3156060472,1722235.98,-75959.02000000037,1045625.0,60032.6643939524,10,1,0.1,0.018374448110992956,0.049639818603513484
VEDL,913781.43974799,1012738.5,915088.5,0.0,1307.06025201,5,0,0.0,0.0035350793904121466,0.04986618688446602
DRREDDY,964050.6423734943,1257305.0125,-437913.737499999,1544281.249999999,142316.87012650576,8,2,0.25,0.02823200164094908,0.052609439640122574
ADANIENT,1148532.3151250097,1150236.1056,1150236.1056,0.0,1703.7904749903305,5,0,0.0,0.006717941288603851,0.06267683340632016
HDFCLIFE,1293448.4420906245,1316848.17,1007748.1699999998,348700.0000000005,62999.7279093758,6,1,0.16666666666666666,0.04872296883876954,0.07058508625049405
BHARTIARTL,1398561.4517878501,1557835.8315,607147.931499999,858235.4695000002,66821.94921214908,17,1,0.058823529411764705,0.031690010519921125,0.07632123360209282
CIPLA,1793692.5361003063,1040541.19,162131.18999999834,1752660.0000000016,121098.6538996937,7,2,0.2857142857142857,0.024103852972906677,0.09788402710731074
HEROMOTOCO,1937458.5546453467,1121276.76,-688023.240000001,2709300.000000001,83818.20535465296,9,1,0.1111111111111111,0.015464868613345258,0.10572951710804848
SHRIRAMFIN,2223075.7078901925,2084900.295,-897545.955000001,3337346.250000002,216724.587109808,6,2,0.3333333333333333,0.03805715620482134,0.1213159995223166
M&M,2392593.1623626617,2575651.6625,-1788813.3375,4394985.000000001,213578.5001373391,13,3,0.23076923076923078,0.028186295494000053,0.13056677733110467
HINDALCO,2497281.596774537,2624257.5725000002,-904147.4274999991,3637779.934999998,236350.91072546205,17,4,0.23529411764705882,0.041017518312932336,0.13627975508261653
JSWSTEEL,3787006.233638886,3107255.5949999997,1707238.0950000014,2269282.499999999,189514.36136111405,16,2,0.125,0.03173775949955234,0.20666162866183327
