symbol,2019-10,2019-11,2019-12,2020-01,2020-02,2020-03,2020-04,2020-05,2020-06,2020-07,2020-08,2020-09,2020-10,2020-11,2020-12,2021-01,2021-02,2021-03,2021-04,2021-05,2021-06,2021-07,2021-08,2021-09,2021-10,2021-11,2021-12,2022-01,2022-02,2022-03,2022-04,2022-05,2022-06,2022-07,2022-08,2022-09,2022-10,2022-11,2022-12,2023-01,2023-02,2023-03,2023-04,2023-05,2023-06,2023-07,2023-08,2023-09,2023-10,2023-11,2023-12,2024-01,2024-02,2024-03,2024-04,2024-05,2024-06,2024-07,2024-08,2024-09,2024-10,2024-11,2024-12,2025-01,2025-02,2025-03,2025-04,2025-05,2025-06,2025-07,2025-08,2025-09,2025-10,2025-11,2025-12,2026-01,2026-02,2026-03,2026-04,2026-05,2026-06,2026-07,2026-08
360ONE,,,,,,,,,,,,,,,,,,,,,,,,,,,,,,,,,,,,,,,,,,,,,,,,,,,,,,,,,,,,,,,,,,,,,,500,500,500,500,500,500,500,500,500,500,500,500,500,500
AARTIIND,,,,,,,,,,,,,,,,425,425,425,425,425,850,850,850,850,850,850,850,850,850,850,850,850,850,850,850,850,850,850,850,850,850,850,850,850,850,1000,1000,1000,1000,1000,1000,1000,1000,1000,1000,1000,1000,1000,1000,1000,1000,1000,1000,1000,1000,1000,1000,1000,1000,1325,,,,,,,,,,,,,
ABB,,,,,,,,,,,,,,,,,,,,,,,,,,,,,250,250,250,250,250,250,250,250,250,250,250,250,250,250,250,250,250,250,250,250,250,125,125,125,125,125,125,125,125,125,125,125,125,125,125,125,125,125,125,125,125,125,125,125,125,125,125,125,125,125,125,125,125,125,125
ABBOTINDIA,,,,,,,,,,,,,,,,,,,,,,,,,25,25,25,25,25,25,25,25,25,40,40,40,40,40,40,40,40,40,40,40,40,40,40,40,40,40,40,40,40,40,40,20,20,20,20,20,20,20,20,20,20,,,,,,,,,,,,,,,,,,
ABCAPITAL,,,,,,,,,,,,,,,,,,,,,,,,,,,,4400,4400,4400,4400,4400,4400,5400,5400,5400,5400,5400,5400,5400,5400,5400,5400,5400,5400,5400,5400,5400,5400,5400,5400,5400,5400,5400,5400,5400,5400,5400,5400,5400,5400,2700,2700,2700,2700,2700,2700,2700,2700,3100,3100,3100,3100,3100,3100,3100,3100,3100,3100,3100,3100,3100,3100
ABFRL,,,,,,,,,,,,,,,,,,,,,,2600,2600,2600,2600,2600,2600,2600,2600,2600,2600,2600,2600,2600,2600,2600,2600,2600,2600,2600,2600,2600,2600,2600,2600,2600,2600,2600,2600,2600,2600,2600,2600,2600,2600,2600,2600,2600,2600,2600,2600,2600,2600,2600,2600,2600,2600,2600,2600,2600,2600,,,,,,,,,,,,
ACC,400,400,400,400,400,400,400,400,400,500,500,500,500,500,500,500,500,500,500,500,500,500,500,500,500,250,250,250,250,250,250,250,250,250,250,250,250,250,250,250,250,250,250,250,250,300,300,300,300,300,300,300,300,300,300,300,300,300,300,300,300,300,300,300,300,300,300,300,300,300,,,,,,,,,,,,,
ADANIENSOL,,,,,,,,,,,,,,,,,,,,,,,,,,,,,,,,,,,,,,,,,,,,,,,,,,,,,,,,,,,,,,,625,625,625,625,625,625,625,675,675,675,675,675,675,675,675,675,675,675,675,675,675
ADANIENT,4000,4000,4000,4000,4000,4000,4000,4000,4000,4000,4000,4000,4000,2000,2000,2000,2000,2000,2000,1000,1000,1000,1000,1000,1000,500,500,500,500,500,500,500,500,500,500,500,500,250,250,250,250,250,250,250,250,300,300,300,300,300,300,300,300,300,300,300,300,300,300,300,300,300,300,300,300,300,300,300,300,300,300,300,300,309,309,309,309,309,309,309,309,309,309
ADANIGREEN,,,,,,,,,,,,,,,,,,,,,,,,,,,,,,,,,,,,,,,,,,,,,,,,,,,,,,,,,,,,,,,375,375,375,375,375,375,375,600,600,600,600,600,600,600,600,600,600,600,600,600,600
ADANIPORTS,2500,2500,2500,2500,2500,2500,2500,2500,2500,2500,2500,2500,2500,2500,2500,2500,2500,2500,2500,1250,1250,1250,1250,1250,1250,1250,1250,1250,1250,1250,1250,1250,1250,1250,1250,1250,1250,625,625,625,625,625,625,625,625,800,800,800,800,800,800,800,800,800,800,400,400,400,400,400,400,400,400,400,400,400,400,400,400,475,475,475,475,475,475,475,475,475,475,475,475,475,475
ADANIPOWER,20000,10000,10000,10000,10000,10000,10000,10000,10000,,,,,,,,,,,,,,,,,,,,,,,,,,,,,,,,,,,,,,,,,,,,,,,,,,,,,,,,,,,,,,,,,,,,,,3550,3550,3550,3550,3550
ALKEM,,,,,,,,,,,,,,,,,,200,200,200,200,200,200,200,200,200,200,200,200,200,200,200,200,200,200,200,200,200,200,200,200,200,200,200,200,200,200,200,200,200,200,200,200,200,200,100,100,100,100,100,100,100,100,100,100,100,100,100,100,125,125,125,125,125,125,125,125,125,125,125,125,125,125
AMARAJABAT,700,700,700,800,800,800,800,800,800,1000,1000,1000,1000,1000,1000,1000,1000,1000,1000,1000,1000,1000,1000,1000,1000,1000,1000,1000,1000,1000,1000,1000,1000,1000,1000,1000,1000,1000,1000,,,,,,,,,,,,,,,,,,,,,,,,,,,,,,,,,,,,,,,,,,,,
AMBER,,,,,,,,,,,,,,,,,,,,,,,,,,,,,,,,,,,,,,,,,,,,,,,,,,,,,,,,,,,,,,,,,,,,,,100,100,100,100,100,100,100,100,100,100,100,100,100,100
AMBUJACEM,2500,2500,2500,2500,2500,2500,2500,2500,2500,3000,3000,3000,3000,3000,3000,3000,3000,3000,3000,3000,3000,3000,3000,3000,3000,1500,1500,1500,1500,1500,1500,1500,1500,1800,1800,1800,1800,1800,1800,1800,1800,1800,1800,1800,1800,1800,1800,1800,1800,1800,1800,1800,1800,1800,1800,900,900,900,900,900,900,900,900,900,900,900,900,900,900,1050,1050,1050,1050,1050,1050,1050,1050,1050,1050,1050,1050,1200,1200
ANGELONE,,,,,,,,,,,,,,,,,,,,,,,,,,,,,,,,,,,,,,,,,,,,,,,,,,,,,,,,,,,,,,,200,200,200,200,200,200,200,250,250,250,250,250,250,250,250,2500,2500,2500,2500,2500,2500
APLAPOLLO,,,,,,,,,,,,,,,,,,,,,,,,,,,,,,,,,,,,,,,,,,,,,,,,,,,,,,,,,,,,,,,350,350,350,350,350,350,350,350,350,350,350,350,350,350,350,350,350,350,350,350,350
APLLTD,,,,,,,,,,,,,,,,,,550,550,550,550,550,550,550,550,550,550,700,700,700,700,700,700,,,,,,,,,,,,,,,,,,,,,,,,,,,,,,,,,,,,,,,,,,,,,,,,,,
APOLLOHOSP,500,500,500,500,500,500,500,500,500,500,500,500,500,500,500,500,500,500,500,250,250,250,250,250,250,125,125,125,125,125,125,125,125,125,125,125,125,125,125,125,125,125,125,125,125,125,125,125,125,125,125,125,125,125,125,125,125,125,125,125,125,125,125,125,125,125,125,125,125,125,125,125,125,125,125,125,125,125,125,125,125,125,125
APOLLOTYRE,3000,3000,3000,3000,3000,3000,3000,3000,3000,5000,5000,5000,5000,5000,5000,5000,5000,5000,5000,2500,2500,2500,2500,2500,2500,2500,2500,2500,2500,2500,2500,2500,2500,3500,3500,3500,3500,3500,3500,3500,3500,3500,3500,3500,3500,1700,1700,1700,1700,1700,1700,1700,1700,1700,1700,1700,1700,1700,1700,1700,1700,1700,1700,1700,1700,1700,1700,1700,,,,,,,,,,,,,,,
ASHOKLEY,6000,6000,6000,8000,8000,8000,8000,8000,8000,9000,9000,9000,9000,9000,9000,9000,9000,9000,9000,4500,4500,4500,4500,4500,4500,4500,4500,4500,4500,4500,4500,4500,4500,5000,5000,5000,5000,5000,5000,5000,5000,5000,5000,5000,5000,5000,5000,5000,5000,5000,5000,5000,5000,5000,5000,5000,5000,5000,5000,5000,5000,2500,2500,2500,2500,2500,2500,2500,2500,5000,5000,5000,5000,5000,5000,5000,5000,5000,5000,5000,5000,5000,5000
ASIANPAINT,600,600,600,600,600,600,600,300,300,300,300,300,300,300,300,300,300,300,300,300,300,300,300,300,300,150,150,150,150,150,150,150,150,200,200,200,200,200,200,200,200,200,200,200,200,200,200,200,200,200,200,200,200,200,200,200,200,200,200,200,200,200,200,200,200,200,200,200,200,250,250,250,250,250,250,250,250,250,250,250,250,250,250
ASTRAL,,,,,,,,,,,,,,,,,,,,,,,275,275,275,275,275,275,275,275,275,275,275,275,275,275,275,275,275,275,275,367,367,367,367,367,367,367,367,367,367,367,367,367,367,367,367,367,367,367,367,367,367,367,367,367,367,367,367,425,425,425,425,425,425,425,425,425,425,425,425,425,425
ATGL,,,,,,,,,,,,,,,,,,,,,,,,,,,,,,,,,,,,,,,,,,,,,,,,,,,,,,,,,,,,,,,775,775,775,775,775,775,775,875,875,,,,,,,,,,,,
ATUL,,,,,,,,,,,,,,,,,,,,,,,,,,75,75,75,75,75,75,75,75,75,75,75,75,75,75,75,75,75,75,75,75,75,75,75,75,75,75,75,75,75,75,75,75,100,100,100,100,100,100,100,100,,,,,,,,,,,,,,,,,,
AUBANK,,,,,,,,,,,,,,,,,,500,500,500,500,500,500,500,500,500,500,500,500,500,500,500,1000,1000,1000,1000,1000,1000,1000,1000,1000,1000,1000,1000,1000,1000,1000,1000,1000,1000,1000,1000,1000,1000,1000,1000,1000,1000,1000,1000,1000,1000,1000,1000,1000,1000,1000,1000,1000,1000,1000,1000,1000,1000,1000,1000,1000,1000,1000,1000,1000,1000,1000
AUROPHARMA,1000,1000,1000,1000,1000,1000,1000,1000,1000,1300,1300,1300,1300,650,650,650,650,650,650,650,650,650,650,650,650,650,650,750,750,750,750,750,750,1000,1000,1000,1000,1000,1000,1000,1000,1000,1000,1000,1000,1100,1100,1100,1100,1100,1100,1100,1100,1100,1100,550,550,550,550,550,550,550,550,550,550,550,550,550,550,550,550,550,550,550,550,550,550,550,550,550,550,550,550
AXISBANK,1200,1200,1200,1200,1200,1200,1200,1200,1200,1200,1200,1200,1200,1200,1200,1200,1200,1200,1200,1200,1200,1200,1200,1200,1200,1200,1200,1200,1200,1200,1200,1200,1200,1200,1200,1200,1200,1200,1200,1200,1200,1200,1200,1200,1200,625,625,625,625,625,625,625,625,625,625,625,625,625,625,625,625,625,625,625,625,625,625,625,625,625,625,625,625,625,625,625,625,625,625,625,625,625,625
BAJAJ-AUTO,250,250,250,250,250,250,250,250,250,250,250,250,250,250,250,250,250,250,250,250,250,250,250,250,250,250,250,250,250,250,250,250,250,250,250,250,250,250,250,250,250,250,250,250,250,250,250,250,250,125,125,125,125,125,125,125,125,75,75,75,75,75,75,75,75,75,75,75,75,75,75,75,75,75,75,75,75,75,75,75,75,75,75
BAJAJFINSV,125,125,125,125,125,125,125,125,125,125,125,125,125,125,125,125,125,125,125,125,125,75,75,75,75,75,75,50,50,50,50,50,50,50,50,500,500,500,500,500,500,500,500,500,500,500,500,500,500,500,500,500,500,500,500,500,500,500,500,500,500,500,500,500,500,500,500,500,500,500,500,500,500,250,250,250,250,250,250,250,250,300,300
BAJAJHLDNG,,,,,,,,,,,,,,,,,,,,,,,,,,,,,,,,,,,,,,,,,,,,,,,,,,,,,,,,,,,,,,,,,,,,,,,,,,,,50,50,50,50,50,50,75,75
BAJFINANCE,250,250,250,250,250,250,250,250,250,250,250,250,250,250,250,250,250,250,250,125,125,125,125,125,125,125,125,125,125,125,125,125,125,125,125,125,125,125,125,125,125,125,125,125,125,125,125,125,125,125,125,125,125,125,125,125,125,125,125,125,125,125,125,125,125,125,125,125,1250,750,750,750,750,750,750,750,750,750,750,750,750,750,750
BALKRISIND,800,800,800,800,800,800,800,800,800,800,800,800,800,400,400,400,400,400,400,400,400,400,400,400,400,200,200,200,200,200,200,200,200,300,300,300,300,300,300,300,300,300,300,300,300,300,300,300,300,300,300,300,300,300,300,300,300,300,300,300,300,300,300,300,300,300,300,300,300,300,,,,,,,,,,,,,
BALRAMCHIN,,,,,,,,,,,,,,,,,,,,,,,,,,,,1600,1600,1600,1600,1600,1600,1600,1600,1600,1600,1600,1600,1600,1600,1600,1600,1600,1600,1600,1600,1600,1600,1600,1600,1600,1600,1600,1600,1600,1600,1600,1600,1600,1600,,,,,,,,,,,,,,,,,,,,,,
BANDHANBNK,,,,,,1200,1200,1200,1200,1800,1800,1800,1800,1800,1800,1800,1800,1800,1800,1800,1800,1800,1800,1800,1800,1800,1800,1800,1800,1800,1800,1800,1800,1800,1800,1800,1800,1800,1800,1800,1800,1800,1800,1800,1800,2500,2500,2500,2500,2500,2500,2500,2500,2500,2500,2500,2500,2800,2800,2800,2800,2800,2800,2800,2800,2800,2800,2800,2800,3600,3600,3600,3600,3600,3600,3600,3600,3600,3600,3600,3600,3600,3600
BANKBARODA,4500,4500,4500,5400,5400,5400,5400,5400,5400,8200,8200,8200,8200,8200,8200,11700,11700,11700,11700,11700,11700,11700,11700,11700,11700,11700,11700,11700,11700,11700,11700,5850,5850,5850,5850,5850,5850,5850,5850,5850,5850,5850,5850,5850,5850,5850,5850,5850,5850,2925,2925,2925,2925,2925,2925,2925,2925,2925,2925,2925,2925,2925,2925,2925,2925,2925,2925,2925,2925,2925,2925,2925,2925,2925,2925,2925,2925,2925,2925,2925,2925,2925,2925
BANKINDIA,6000,6000,,,,,,,,,,,,,,,,,,,,,,,,,,,,,,,,,,,,,,,,,,,,,,,,,,,,,,,,,,,,,4825,4825,4825,4825,4825,4825,4825,5200,5200,5200,5200,5200,5200,5200,5200,5200,5200,5200,5200,5200,5200
BATAINDIA,550,550,550,550,550,550,550,550,550,550,550,550,550,550,550,550,550,550,550,550,550,550,550,550,550,550,550,550,550,550,550,275,275,275,275,275,275,275,275,275,275,275,275,275,275,375,375,375,375,375,375,375,375,375,375,375,375,375,375,375,375,375,375,375,375,,,,,,,,,,,,,,,,,,
BDL,,,,,,,,,,,,,,,,,,,,,,,,,,,,,,,,,,,,,,,,,,,,,,,,,,,,,,,,,,,,,,,,,,,,,325,325,325,325,325,325,325,350,350,350,350,350,350,425,425
BEL,6000,6000,6000,6000,6000,6000,6000,6000,6000,7600,7600,7600,7600,7600,7600,7600,7600,7600,7600,3800,3800,3800,3800,3800,3800,3800,3800,3800,3800,3800,3800,3800,3800,3800,3800,11400,11400,5700,5700,5700,5700,5700,5700,5700,5700,5700,5700,5700,5700,5700,5700,5700,5700,5700,5700,2850,2850,2850,2850,2850,2850,2850,2850,2850,2850,2850,2850,2850,2850,2850,2850,2850,2850,1425,1425,1425,1425,1425,1425,1425,1425,1425,1425
BERGEPAINT,2200,2200,2200,2200,2200,2200,2200,1100,1100,1100,1100,1100,1100,1100,1100,1100,1100,1100,1100,1100,1100,1100,1100,1100,1100,1100,1100,1100,1100,1100,1100,1100,1100,1100,1100,1100,1100,1100,1100,1100,1100,1100,1100,1100,1100,1100,1100,1320,1320,1320,1320,1320,1320,1320,1320,1320,1320,1320,1320,1320,1320,1320,1320,1320,1320,1320,1320,,,,,,,,,,,,,,,,
BHARATFORG,1200,1200,1200,1300,1300,1300,1300,1300,1300,1500,1500,1500,1500,1500,1500,1500,1500,1500,1500,1500,1500,1500,1500,1500,1500,750,750,750,750,750,750,750,750,1000,1000,1000,1000,1000,1000,1000,1000,1000,1000,1000,1000,1000,1000,1000,1000,500,500,500,500,500,500,500,500,500,500,500,500,500,500,500,500,500,500,500,500,500,500,500,500,500,500,500,500,500,500,500,500,500,500
BHARTIARTL,1851,1851,1851,1851,1851,1851,1851,1851,1851,1851,1851,1851,1851,1851,1851,1851,1851,1851,1851,1851,1851,1851,1851,1886,1886,1886,1886,950,950,950,950,950,950,950,950,950,950,950,950,950,950,950,950,950,950,950,950,950,950,950,950,950,950,950,950,475,475,475,475,475,475,475,475,475,475,475,475,475,475,475,475,475,475,475,475,475,475,475,475,475,475,475,475
BHEL,7500,7500,7500,10400,10400,10400,10400,10400,10400,21000,21000,21000,21000,21000,21000,21000,21000,21000,21000,10500,10500,10500,10500,10500,10500,10500,10500,10500,10500,10500,10500,10500,10500,10500,10500,10500,10500,10500,10500,10500,10500,10500,10500,10500,10500,10500,10500,10500,10500,5250,5250,5250,5250,5250,5250,2625,2625,2625,2625,2625,2625,2625,2625,2625,2625,2625,2625,2625,2625,2625,2625,2625,2625,2625,2625,2625,2625,2625,2625,2625,2625,2625,2625
BIOCON,1800,1800,1800,2300,2300,2300,2300,2300,2300,2300,2300,2300,2300,2300,2300,2300,2300,2300,2300,2300,2300,2300,2300,2300,2300,2300,2300,2300,2300,2300,2300,2300,2300,2300,2300,2300,2300,2300,2300,2300,2300,2300,2300,2300,2300,2500,2500,2500,2500,2500,2500,2500,2500,2500,2500,2500,2500,2500,2500,2500,2500,2500,2500,2500,2500,2500,2500,2500,2500,2500,2500,2500,2500,2500,2500,2500,2500,2500,2500,2500,2500,2500,2500
BLUESTARCO,,,,,,,,,,,,,,,,,,,,,,,,,,,,,,,,,,,,,,,,,,,,,,,,,,,,,,,,,,,,,,,,,,,,,325,325,325,325,325,325,325,325,325,325,325,325,325,325,325
BOSCHLTD,30,30,30,40,40,40,40,40,40,50,50,50,50,50,50,50,50,50,50,50,50,50,50,50,50,50,50,50,50,50,50,50,50,50,50,50,50,50,50,50,50,50,50,50,50,50,50,50,50,50,50,50,50,50,50,25,25,25,25,25,25,25,25,25,25,25,25,25,25,25,25,25,25,25,25,25,25,25,25,25,25,25,25
BPCL,1800,1800,1800,1800,1800,1800,1800,1800,1800,1800,1800,1800,1800,1800,1800,1800,1800,1800,1800,1800,1800,1800,1800,1800,1800,1800,1800,1800,1800,1800,1800,1800,1800,1800,1800,1800,1800,1800,1800,1800,1800,1800,1800,1800,1800,1800,1800,1800,1800,1800,1800,1800,1800,1800,1800,900,1800,1800,1800,1800,1800,1800,1800,1800,1800,1800,1800,1800,1800,1975,1975,1975,1975,1975,1975,1975,1975,1975,1975,1975,1975,1975,1975
BRITANNIA,200,200,200,200,200,200,200,200,200,200,200,200,200,200,200,200,200,200,200,200,200,200,200,200,200,200,200,200,200,200,200,200,200,200,200,200,200,200,200,200,200,200,200,200,200,200,200,200,200,200,200,200,200,200,200,200,200,200,200,200,200,100,100,100,100,100,100,100,100,125,125,125,125,125,125,125,125,125,125,125,125,125,125
BSE,,,,,,,,,,,,,,,,,,,,,,,,,,,,,,,,,,,,,,,,,,,,,,,,,,,,,,,,,,,,,,,125,125,125,125,125,375,375,375,375,375,375,375,375,375,375,375,375,375,375,200,200
BSOFT,,,,,,,,,,,,,,,,,,,,,,,,,,1300,1300,1300,1300,1300,1300,1300,1300,1300,1300,1300,1300,1300,1300,2000,2000,2000,2000,2000,2000,2000,2000,2000,2000,1000,1000,1000,1000,1000,1000,1000,1000,1000,1000,1000,1000,1000,1000,1000,1000,1000,1000,1000,1000,1300,,,,,,,,,,,,,
CADILAHC,1600,1600,1600,2200,2200,2200,2200,2200,2200,2200,2200,2200,2200,2200,2200,2200,2200,2200,2200,2200,2200,2200,2200,2200,2200,1100,1100,1100,1100,1100,1100,1100,,,,,,,,,,,,,,,,,,,,,,,,,,,,,,,,,,,,,,,,,,,,,,,,,,,
CAMS,,,,,,,,,,,,,,,,,,,,,,,,,,,,,,,,,,,,,,,,,,,,,,,,,,,,,,,,,,,,,,,125,125,125,125,125,125,125,150,150,150,150,150,750,750,750,750,750,750,750,825,825
CANBK,2000,2000,2000,2600,2600,2600,2600,2600,2600,5000,5000,5000,5000,5000,5000,5400,5400,5400,5400,5400,5400,5400,5400,5400,5400,5400,5400,5400,5400,5400,5400,2700,2700,2700,2700,2700,2700,2700,2700,2700,2700,2700,2700,2700,2700,2700,2700,2700,2700,2700,2700,2700,2700,2700,2700,6750,6750,6750,6750,6750,6750,6750,6750,6750,6750,6750,6750,6750,6750,6750,6750,6750,6750,6750,6750,6750,6750,6750,6750,6750,6750,6750,6750
CANFINHOME,,,,,,,,,,,,,,,,,,,,,,,,975,975,975,975,975,975,975,975,975,975,975,975,975,975,975,975,975,975,975,975,975,975,975,975,975,975,975,975,975,975,975,975,975,975,975,975,975,975,975,975,975,975,,,,,,,,,,,,,,,,,,
CASTROLIND,3400,3400,3400,4100,,,,,,,,,,,,,,,,,,,,,,,,,,,,,,,,,,,,,,,,,,,,,,,,,,,,,,,,,,,,,,,,,,,,,,,,,,,,,,,
CDSL,,,,,,,,,,,,,,,,,,,,,,,,,,,,,,,,,,,,,,,,,,,,,,,,,,,,,,,,,,,,,,,350,350,350,350,350,350,350,475,475,475,475,475,475,475,475,475,475,475,475,475,475
CENTURYTEX,600,600,600,600,600,600,600,600,600,1400,1400,,,,,,,,,,,,,,,,,,,,,,,,,,,,,,,,,,,,,,,,,,,,,,,,,,,,,,,,,,,,,,,,,,,,,,,,
CESC,800,800,800,800,800,800,800,800,,,,,,,,,,,,,,,,,,,,,,,,,,,,,,,,,,,,,,,,,,,,,,,,,,,,,,,2925,2925,2925,2925,2925,2925,2925,3625,3625,,,,,,,,,,,,
CGPOWER,,,,,,,,,,,,,,,,,,,,,,,,,,,,,,,,,,,,,,,,,,,,,,,,,,,,,,,,,,,,,,,725,725,725,725,725,725,725,850,850,850,850,850,850,850,850,850,850,850,850,850,850
CHAMBLFERT,,,,,,,,,,,,,,,,,,,,,,,,,,1500,1500,1500,1500,1500,1500,1500,1500,1500,1500,1500,1500,1500,1500,1500,1500,1500,1500,1500,1500,1900,1900,1900,1900,1900,1900,1900,1900,1900,1900,1900,1900,1900,1900,1900,1900,1900,1900,1900,1900,1900,1900,950,950,950,,,,,,,,,,,,,
CHOLAFIN,2500,2500,2500,2500,2500,2500,2500,2500,2500,2500,2500,2500,2500,2500,2500,2500,2500,2500,2500,1250,1250,1250,1250,1250,1250,1250,1250,1250,1250,1250,1250,1250,1250,1250,1250,1250,1250,1250,1250,1250,1250,1250,1250,1250,1250,1250,1250,1250,1250,625,625,625,625,625,625,625,625,625,625,625,625,625,625,625,625,625,625,625,625,625,625,625,625,625,625,625,625,625,625,625,625,625,625
CIPLA,1000,1000,1000,1150,1150,1150,1150,1150,1150,1300,1300,1300,1300,1300,1300,1300,1300,1300,1300,650,650,650,650,650,650,650,650,650,650,650,650,650,650,650,650,650,650,650,650,650,650,650,650,650,650,650,650,650,650,650,650,650,650,650,650,650,650,650,650,650,650,325,325,325,325,325,325,325,325,375,375,375,375,375,375,375,375,375,375,375,375,425,425
COALINDIA,2200,2200,2200,2700,2700,2700,2700,2700,2700,3700,3700,3700,3700,3700,3700,4200,4200,4200,4200,4200,4200,4200,4200,4200,4200,4200,4200,4200,4200,4200,4200,4200,4200,4200,4200,4200,4200,4200,4200,4200,4200,4200,4200,4200,4200,4200,4200,4200,4200,2100,2100,2100,2100,2100,2100,2100,2100,2100,2100,2100,2100,1050,1050,1050,1050,1050,1050,1050,1050,1350,1350,1350,1350,1350,1350,1350,1350,1350,1350,1350,1350,1350,1350
COCHINSHIP,,,,,,,,,,,,,,,,,,,,,,,,,,,,,,,,,,,,,,,,,,,,,,,,,,,,,,,,,,,,,,,,,,,,,,,,,,,,,,,400,400,400,400,400
COFORGE,,,,,,,,,,,375,375,375,375,375,375,375,375,375,375,375,200,200,200,200,100,100,100,100,100,100,100,100,150,150,150,150,150,150,150,150,150,150,150,150,150,150,150,150,150,150,150,150,150,150,150,150,150,150,150,150,75,75,75,75,75,75,75,375,375,375,375,375,375,375,375,375,375,375,375,375,475,475
COLPAL,700,700,700,700,700,700,700,700,700,700,700,700,700,700,700,700,700,700,700,350,350,350,350,350,350,350,350,350,350,350,350,350,350,350,350,350,350,350,350,350,350,350,350,350,350,350,350,350,350,350,350,350,350,350,350,350,350,350,350,350,350,175,175,175,175,175,175,175,175,225,225,225,225,225,225,225,225,225,225,225,225,275,275
CONCOR,1563,1563,1563,1563,1563,1563,1563,1563,1563,1563,1563,1563,1563,1563,1563,1563,1563,1563,1563,1563,1563,1563,1563,1563,1563,1563,1563,800,800,800,800,800,800,1000,1000,1000,1000,1000,1000,1000,1000,1000,1000,1000,1000,1000,1000,1000,1000,1000,1000,1000,1000,1000,1000,1000,1000,1000,1000,1000,1000,1000,1000,1000,1000,1000,1000,1000,1000,1250,1250,1250,1250,1250,1250,1250,1250,1250,1250,1250,1250,1250,1250
COROMANDEL,,,,,,,,,,,,,,,,,,,,,,625,625,625,625,625,625,625,625,625,625,625,625,700,700,700,700,700,700,700,700,700,700,700,700,700,700,700,700,700,700,700,700,700,700,700,700,700,700,700,700,350,350,350,350,,,,,,,,,,,,,,,,,,
CROMPTON,,,,,,,,,,,,,,,,,,,,,,,,,1100,1100,1100,1100,1100,1100,1100,1100,1100,1500,1500,1500,1500,1500,1500,1500,1500,1500,1500,1500,1500,1800,1800,1800,1800,1800,1800,1800,1800,1800,1800,1800,1800,1800,1800,1800,1800,1800,1800,1800,1800,1800,1800,1800,1800,1800,1800,1800,1800,1800,1800,1800,1800,1800,1800,1800,1800,2150,2150
CUB,,,,,,,,,,,,,,,,,,3100,3100,3100,3100,3100,3100,3100,3100,3100,3100,3400,3400,3400,3400,3400,3400,5000,5000,5000,5000,5000,5000,5000,5000,5000,5000,5000,5000,5000,5000,5000,5000,5000,5000,5000,5000,5000,5000,5000,5000,5000,5000,5000,5000,5000,5000,5000,5000,,,,,,,,,,,,,,,,,,
CUMMINSIND,700,700,700,900,900,900,900,900,900,1200,1200,1200,1200,1200,1200,1200,1200,1200,1200,600,600,600,600,600,600,600,600,600,600,600,600,600,600,600,600,600,600,600,600,600,600,600,600,600,600,600,600,600,600,300,300,300,300,300,300,300,300,300,300,300,300,150,150,150,150,150,150,150,150,200,200,200,200,200,200,200,200,200,200,200,200,200,200
CYIENT,,,,,,,,,,,,,,,,,,,,,,,,,,,,,,,,,,,,,,,,,,,,,,,,,,,,,,,,,,,,,,,300,300,300,300,300,300,300,425,425,425,425,425,425,,,,,,,,
DABUR,1250,1250,1250,1250,1250,1250,1250,1250,1250,1250,1250,1250,1250,1250,1250,1250,1250,1250,1250,1250,1250,1250,1250,1250,1250,1250,1250,1250,1250,1250,1250,1250,1250,1250,1250,1250,1250,1250,1250,1250,1250,1250,1250,1250,1250,1250,1250,1250,1250,1250,1250,1250,1250,1250,1250,1250,1250,1250,1250,1250,1250,1250,1250,1250,1250,1250,1250,1250,1250,1250,1250,1250,1250,1250,1250,1250,1250,1250,1250,1250,1250,1250,1250
DALBHARAT,,,,,,,,,,,,,,,,,,,,,,,,,250,250,250,250,250,250,250,250,250,500,500,500,500,500,500,500,500,500,500,500,500,500,500,500,500,250,250,250,250,250,250,250,250,275,275,275,275,275,275,275,275,275,275,275,275,325,325,325,325,325,325,325,325,325,325,325,325,325,325
DEEPAKNTR,,,,,,,,,,,,,,,,,,500,500,500,500,500,500,500,500,250,250,250,250,250,250,250,250,250,250,250,250,250,250,250,250,250,250,250,250,300,300,300,300,300,300,300,300,300,300,300,300,300,300,300,300,300,300,300,300,300,300,300,,,,,,,,,,,,,,,
DELHIVERY,,,,,,,,,,,,,,,,,,,,,,,,,,,,,,,,,,,,,,,,,,,,,,,,,,,,,,,,,,,,,,,1525,1525,1525,1525,1525,1525,1525,2075,2075,2075,2075,2075,2075,2075,2075,2075,2075,2075,2075,2075,2075
DELTACORP,,,,,,,,,,,,,,,,,,,,,,,,,2300,2300,2300,2300,2300,2300,2300,2300,2300,2300,2300,2300,2300,2300,2300,2800,2800,2800,2800,2800,2800,2800,2800,2800,2800,2800,2800,3000,3000,,,,,,,,,,,,,,,,,,,,,,,,,,,,,,
DISHTV,14000,14000,14000,24300,,,,,,,,,,,,,,,,,,,,,,,,,,,,,,,,,,,,,,,,,,,,,,,,,,,,,,,,,,,,,,,,,,,,,,,,,,,,,,,
DIVISLAB,400,400,400,400,400,400,400,400,400,400,400,400,400,200,200,200,200,200,200,200,200,200,200,200,200,100,100,100,100,100,100,100,100,150,150,150,150,150,150,150,150,150,150,150,150,200,200,200,200,200,200,200,200,200,200,200,200,200,200,200,200,100,100,100,100,100,100,100,100,100,100,100,100,100,100,100,100,100,100,100,100,100,100
DIXON,,,,,,,,,,,,,,,,,,,,,,,,125,125,125,125,125,125,125,125,125,125,125,125,125,125,125,125,125,125,125,125,125,125,200,200,200,200,100,100,100,100,100,100,100,100,100,100,100,100,50,50,50,50,50,50,50,50,50,50,50,50,50,50,50,50,50,50,50,50,50,50
DLF,2800,2800,2800,3300,3300,3300,3300,3300,3300,3300,3300,3300,3300,3300,3300,3300,3300,3300,3300,3300,3300,3300,3300,3300,3300,1650,1650,1650,1650,1650,1650,1650,1650,1650,1650,1650,1650,1650,1650,1650,1650,1650,1650,1650,1650,1650,1650,1650,1650,1650,1650,1650,1650,1650,1650,825,825,825,825,825,825,825,825,825,825,825,825,825,825,825,825,825,825,825,825,825,825,825,825,825,825,950,950
DMART,,,,,,,,,,,,,,,,,,,,,,,,,,,,,,,,,,,,,,,,,,,,,,,,,,,,,,,,,,,,,,,150,150,150,150,150,150,150,150,150,150,150,150,150,150,150,150,150,150,150,150,150
DRREDDY,250,250,250,250,250,250,250,250,250,250,250,250,250,125,125,125,125,125,125,125,125,125,125,125,125,125,125,125,125,125,125,125,125,125,125,125,125,125,125,125,125,125,125,125,125,125,125,125,125,125,125,125,125,125,125,125,125,125,125,125,625,625,625,625,625,625,625,625,625,625,625,625,625,625,625,625,625,625,625,625,625,625,625
EICHERMOT,25,25,25,30,30,30,30,30,30,35,350,350,350,350,350,350,350,350,350,350,350,350,350,350,350,350,350,350,350,350,350,350,350,350,350,350,350,175,175,175,175,175,175,175,175,175,175,175,175,175,175,175,175,175,175,175,175,175,175,175,175,175,175,175,175,175,175,175,175,175,175,175,175,175,175,100,100,100,100,100,100,100,100
EQUITAS,4000,4000,4000,4900,4900,4900,4900,4900,4900,7600,7600,,,,,,,,,,,,,,,,,,,,,,,,,,,,,,,,,,,,,,,,,,,,,,,,,,,,,,,,,,,,,,,,,,,,,,,,
ESCORTS,1100,1100,1100,1100,1100,1100,1100,1100,1100,1100,1100,1100,1100,550,550,550,550,550,550,550,550,550,550,550,550,550,550,550,550,550,550,550,550,550,550,550,550,275,275,275,275,275,275,275,275,275,275,275,275,275,275,275,275,275,275,275,275,275,275,275,275,275,275,150,150,150,150,150,,,,,,,,,,,,,,,
ETERNAL,,,,,,,,,,,,,,,,,,,,,,,,,,,,,,,,,,,,,,,,,,,,,,,,,,,,,,,,,,,,,,,,,,,2000,2000,2000,2425,2425,2425,2425,2425,2425,2425,2425,2425,2425,2425,2425,2425,2425
EXIDEIND,2400,2400,2400,2900,2900,2900,2900,2900,2900,3600,3600,3600,3600,3600,3600,3600,3600,3600,3600,3600,3600,3600,3600,3600,3600,3600,3600,3600,3600,3600,3600,3600,3600,3600,3600,3600,3600,3600,3600,3600,3600,3600,3600,3600,3600,3600,3600,3600,3600,3600,3600,3600,3600,3600,3600,1800,1800,1800,1800,1800,1800,1800,1800,1800,1800,1800,1800,1800,1800,1800,1800,1800,1800,1800,1800,1800,1800,1800,1800,1800,1800,1800,
FEDERALBNK,7000,7000,7000,7000,7000,7000,7000,7000,7000,8500,8500,8500,8500,8500,8500,10000,10000,10000,10000,10000,10000,10000,10000,10000,10000,10000,10000,10000,10000,10000,10000,10000,10000,10000,10000,10000,10000,5000,5000,5000,5000,5000,5000,5000,5000,5000,5000,5000,5000,5000,5000,5000,5000,5000,5000,5000,5000,5000,5000,5000,5000,5000,5000,5000,5000,5000,5000,5000,5000,5000,5000,5000,5000,5000,5000,5000,5000,5000,5000,2500,2500,2500,2500
FORCEMOT,,,,,,,,,,,,,,,,,,,,,,,,,,,,,,,,,,,,,,,,,,,,,,,,,,,,,,,,,,,,,,,,,,,,,,,,,,,,,,,25,25,25,25,25
FORTIS,,,,,,,,,,,,,,,,,,,,,,,,,,,,,,,,,,,,,,,,,,,,,,,,,,,,,,,,,,,,,,,,,,,,,775,775,775,775,775,775,775,775,775,775,775,775,775,775,775
FSL,,,,,,,,,,,,,,,,,,,,,,,,,,2600,2600,2600,2600,2600,2600,2600,2600,5200,5200,5200,5200,5200,5200,5200,5200,5200,,,,,,,,,,,,,,,,,,,,,,,,,,,,,,,,,,,,,,,,,
GAIL,5334,5334,5334,5334,5334,5334,5334,5334,5334,6100,6100,6100,6100,6100,6100,6100,6100,6100,6100,6100,6100,6100,6100,6100,6100,6100,6100,6100,6100,6100,6100,6100,6100,6100,6100,9150,9150,9150,9150,9150,9150,9150,9150,9150,9150,9150,9150,9150,9150,4575,4575,4575,4575,4575,4575,4575,4575,4575,4575,4575,4575,4575,4575,2350,2350,2350,2350,2350,2350,3150,3150,3150,3150,3150,3150,3150,3150,3150,3150,3150,3150,3550,3550
GLENMARK,1000,1000,1000,1400,1400,1400,1400,1400,1400,2300,2300,2300,2300,1150,1150,1150,1150,1150,1150,1150,1150,1150,1150,1150,1150,1150,1150,1150,1150,1150,1150,1150,1150,1150,1150,1150,1150,1150,1150,1450,1450,1450,1450,1450,1450,1450,1450,1450,1450,725,725,725,725,725,725,725,725,725,725,725,725,725,725,325,325,325,325,325,325,375,375,375,375,375,375,375,375,375,375,375,375,375,375
GMRAIRPORT,,,,,,,,,,,,,,,,,,,,,,,,,,,,,,,,,,,,,,,,,,,,,,,,,,,,,,,,,,,,,,,5625,5625,5625,5625,5625,5625,5625,6975,6975,6975,6975,6975,6975,6975,6975,6975,6975,6975,6975,6975,6975
GMRINFRA,45000,45000,45000,45000,45000,45000,45000,45000,45000,45000,45000,45000,45000,22500,22500,22500,22500,22500,22500,22500,22500,22500,22500,22500,22500,22500,22500,22500,22500,22500,22500,22500,22500,22500,22500,22500,22500,22500,22500,22500,22500,22500,22500,22500,22500,22500,22500,22500,22500,11250,11250,11250,11250,11250,11250,11250,11250,11250,11250,11250,11250,5625,5625,5625,5625,,,,,,,,,,,,,,,,,,
GNFC,,,,,,,,,,,,,,,,,,,,,,,,,,,,1300,1300,1300,1300,1300,1300,1300,1300,1300,1300,1300,1300,1300,1300,1300,1300,1300,1300,1300,1300,1300,1300,1300,1300,1300,1300,1300,1300,1300,1300,1300,1300,1300,1300,1300,1300,1300,1300,,,,,,,,,,,,,,,,,,
GODFRYPHLP,,,,,,,,,,,,,,,,,,,,,,,,,,,,,,,,,,,,,,,,,,,,,,,,,,,,,,,,,,,,,,,,,,,,,,,,,,,,,,,275,275,275,275,275
GODREJCP,800,800,800,800,800,800,800,800,800,1000,1000,1000,1000,1000,1000,1000,1000,1000,1000,1000,1000,1000,1000,1000,1000,500,500,500,500,500,500,500,500,1000,1000,1000,1000,1000,1000,1000,1000,1000,1000,1000,1000,1000,1000,1000,1000,500,500,500,500,500,500,500,500,500,500,500,500,500,500,500,500,500,500,500,500,500,500,500,500,500,500,500,500,500,500,500,500,500,500
GODREJPROP,,,,,,,650,650,650,650,650,650,650,650,650,650,650,650,650,650,650,650,650,650,650,325,325,325,325,325,325,325,325,325,325,325,325,325,325,425,425,425,425,425,425,475,475,475,475,475,475,475,475,475,475,475,475,225,225,225,225,225,225,225,225,225,225,225,225,275,275,275,275,275,275,275,275,275,275,275,275,325,325
GRANULES,,,,,,,,,,,,,,,,,,1550,1550,1550,1550,1550,1550,1550,1550,1550,1550,1550,1550,1550,1550,1550,1550,2000,2000,2000,2000,2000,2000,2000,2000,2000,2000,2000,2000,2000,2000,2000,2000,2000,2000,2000,2000,2000,2000,2000,2000,2000,2000,2000,2000,1000,1000,1000,1000,1000,1000,1000,1000,1075,1075,,,,,,,,,,,,
GRASIM,750,750,750,750,750,750,750,750,750,950,950,950,950,950,950,950,950,950,950,475,475,475,475,475,475,475,475,475,475,475,475,475,475,475,475,475,475,475,475,475,475,475,475,475,475,475,475,475,475,475,475,477,477,477,477,477,477,250,250,250,250,250,250,250,250,250,250,250,250,250,250,250,250,250,250,250,250,250,250,250,250,250,250
GSPL,,,,,,,,,,,,,,,,,,,,,,,,,,1700,1700,1700,1700,1700,1700,1700,1700,2500,2500,2500,2500,2500,,,,,,,,,,,,,,,,,,,,,,,,,,,,,,,,,,,,,,,,,,,,,
GUJGASLTD,,,,,,,,,,,,,,,,,,1250,1250,1250,1250,1250,1250,1250,1250,1250,1250,1250,1250,1250,1250,1250,1250,1250,1250,1250,1250,1250,1250,1250,1250,1250,1250,1250,1250,1250,1250,1250,1250,1250,1250,1250,1250,1250,1250,1250,1250,1250,1250,1250,1250,1250,1250,1250,1250,,,,,,,,,,,,,,,,,,
GVT&D,,,,,,,,,,,,,,,,,,,,,,,,,,,,,,,,,,,,,,,,,,,,,,,,,,,,,,,,,,,,,,,,,,,,,,,,,,,,,,,,,125,125,125
HAL,,,,,,,,,,,,,,,,,,,,,,,,475,475,475,475,475,475,475,475,475,475,475,475,475,475,475,475,300,300,300,300,300,300,300,300,600,600,300,300,300,300,300,300,300,300,300,300,300,300,150,150,150,150,150,150,150,150,150,150,150,150,150,150,150,150,150,150,150,150,150,150
HAVELLS,1000,1000,1000,1000,1000,1000,1000,1000,1000,1000,1000,1000,1000,1000,1000,1000,1000,1000,1000,500,500,500,500,500,500,500,500,500,500,500,500,500,500,500,500,500,500,500,500,500,500,500,500,500,500,500,500,500,500,500,500,500,500,500,500,500,500,500,500,500,500,500,500,500,500,500,500,500,500,500,500,500,500,500,500,500,500,500,500,500,500,500,500
HCLTECH,700,700,1400,1400,1400,1400,1400,1400,1400,1400,1400,1400,1400,700,700,700,700,700,700,700,700,700,700,700,700,700,700,700,700,700,700,700,700,700,700,700,700,700,700,700,700,700,700,700,700,700,700,700,700,700,700,700,700,700,700,350,350,350,350,350,350,350,350,350,350,350,350,350,350,350,350,350,350,350,350,350,350,350,350,350,350,400,400
HDFC,500,250,250,250,250,250,250,250,250,300,300,300,300,300,300,300,300,300,300,300,300,300,300,300,300,300,300,300,300,300,300,300,300,300,300,300,300,300,300,300,300,300,300,300,300,300,300,300,,,,,,,,,,,,,,,,,,,,,,,,,,,,,,,,,,,
HDFCAMC,,,,,,,,,,,,,,,,200,200,200,200,200,200,200,200,200,200,200,200,200,200,200,200,200,200,300,300,300,300,300,300,300,300,300,300,300,300,300,300,300,300,300,300,300,300,300,300,150,150,150,150,150,150,150,150,150,150,150,150,150,150,150,150,150,150,150,300,300,300,300,300,300,300,300,300
HDFCBANK,500,500,500,500,500,500,500,500,500,550,550,550,550,550,550,550,550,550,550,550,550,550,550,550,550,550,550,550,550,550,550,550,550,550,550,550,550,550,550,550,550,550,550,550,550,550,550,550,550,550,550,550,550,550,550,550,550,550,550,550,550,550,550,550,550,550,550,550,550,550,1100,1100,1100,550,550,550,550,550,550,550,550,650,650
HDFCLIFE,,,,,,900,900,900,900,1100,1100,1100,1100,1100,1100,1100,1100,1100,1100,1100,1100,1100,1100,1100,1100,1100,1100,1100,1100,1100,1100,1100,1100,1100,1100,1100,1100,1100,1100,1100,1100,1100,1100,1100,1100,1100,1100,1100,1100,1100,1100,1100,1100,1100,1100,1100,1100,1100,1100,1100,1100,1100,1100,1100,1100,1100,1100,1100,1100,1100,1100,1100,1100,1100,1100,1100,1100,1100,1100,1100,1100,1100,1100
HEROMOTOCO,200,200,200,200,200,200,200,200,200,300,300,300,300,300,300,300,300,300,300,300,300,300,300,300,300,300,300,300,300,300,300,300,300,300,300,300,300,300,300,300,300,300,300,300,300,300,300,300,300,300,300,300,300,300,300,150,150,150,150,150,150,150,150,150,150,150,150,150,150,150,150,150,150,150,150,150,150,150,150,150,150,150,150
HEXAWARE,1500,1500,1500,,,,,,,,,,,,,,,,,,,,,,,,,,,,,,,,,,,,,,,,,,,,,,,,,,,,,,,,,,,,,,,,,,,,,,,,,,,,,,,,
HFCL,,,,,,,,,,,,,,,,,,,,,,,,,,,,,,,,,,,,,,,,,,,,,,,,,,,,,,,,,,,,,,,4150,4150,4150,4150,4150,4150,4150,6450,6450,6450,6450,6450,6450,,,,,,,,
HINDALCO,3500,3500,3500,3500,3500,3500,3500,3500,3500,4300,4300,4300,4300,4300,4300,4300,4300,4300,4300,2150,2150,2150,2150,2150,2150,1075,1075,1075,1075,1075,1075,1075,1075,1075,1075,1075,1075,1075,1075,1400,1400,1400,1400,1400,1400,1400,1400,1400,1400,1400,1400,1400,1400,1400,1400,1400,1400,1400,1400,1400,1400,1400,1400,1400,1400,1400,1400,1400,1400,1400,1400,1400,1400,700,700,700,700,700,700,700,700,700,700
HINDCOPPER,,,,,,,,,,,,,,,,,,,,,,,,,,,,4300,4300,4300,4300,4300,4300,4300,4300,4300,4300,4300,4300,4800,4800,4800,4800,4800,4800,5300,5300,5300,5300,5300,5300,5300,5300,5300,5300,2650,2650,2650,2650,2650,2650,2650,2650,2650,2650,2650,2650,2650,2650,2650,,,,,,,,,,,,,
HINDPETRO,2100,2100,2100,2100,2100,2100,2100,2100,2100,2700,2700,2700,2700,2700,2700,2700,2700,2700,2700,2700,2700,2700,2700,2700,2700,2700,2700,2700,2700,2700,2700,2700,2700,2700,2700,2700,2700,2700,2700,2700,2700,2700,2700,2700,2700,2700,2700,2700,2700,2700,2700,2700,2700,2700,2700,1350,2025,2025,2025,2025,2025,2025,2025,2025,2025,2025,2025,2025,2025,2025,2025,2025,2025,2025,2025,2025,2025,2025,2025,2025,2025,2025,2025
HINDUNILVR,300,300,300,300,300,300,300,300,300,300,300,300,300,300,300,300,300,300,300,300,300,300,300,300,300,300,300,300,300,300,300,300,300,300,300,300,300,300,300,300,300,300,300,300,300,300,300,300,300,300,300,300,300,300,300,300,300,300,300,300,300,300,300,300,300,300,300,300,300,300,300,300,300,300,300,300,300,300,300,300,300,300,300
HINDZINC,,,,,,,,,,,,,,,,,,,,,,,,,,,,,,,,,,,,,,,,,,,,,,,,,,,,,,,,,,,,,,,,,,,1225,1225,1225,1225,1225,1225,1225,1225,1225,1225,1225,1225,1225,1225,1225,1225,1225
HONAUT,,,,,,,,,,,,,,,,,,,,,,,,,,,,15,15,15,15,15,15,15,15,15,15,15,15,15,15,15,15,,,,,,,,,,,,,,,,,,,,,,,,,,,,,,,,,,,,,,,,
HUDCO,,,,,,,,,,,,,,,,,,,,,,,,,,,,,,,,,,,,,,,,,,,,,,,,,,,,,,,,,,,,,,,2425,2425,2425,2425,2425,2425,2425,2775,2775,2775,2775,2775,2775,2775,2775,2775,2775,,,,
HYUNDAI,,,,,,,,,,,,,,,,,,,,,,,,,,,,,,,,,,,,,,,,,,,,,,,,,,,,,,,,,,,,,,,,,,,,,,,,,,,,,,,275,275,275,275,275
IBULHSGFIN,800,800,800,1200,1200,1200,1200,1200,1200,3100,3100,3100,3100,3100,3100,3100,3100,3100,3100,3100,3100,3100,3100,3100,3100,3100,3100,3100,3100,3100,3100,3100,3100,4000,4000,4000,4000,4000,4000,4000,4000,4000,4000,4000,4000,5100,5100,5100,5100,5100,5100,,,,,,,,,,,,,,,,,,,,,,,,,,,,,,,,
ICICIBANK,1375,1375,1375,1375,1375,1375,1375,1375,1375,1375,1375,1375,1375,1375,1375,1375,1375,1375,1375,1375,1375,1375,1375,1375,1375,1375,1375,1375,1375,1375,1375,1375,1375,1375,1375,1375,1375,1375,1375,700,700,700,700,700,700,700,700,700,700,700,700,700,700,700,700,700,700,700,700,700,700,700,700,700,700,700,700,700,700,700,700,700,700,700,700,700,700,700,700,700,700,700,700
ICICIGI,,,,,,,,,,,,,,425,425,425,425,425,425,425,425,425,425,425,425,425,425,425,425,425,425,425,425,425,425,425,425,425,425,425,425,425,425,425,425,500,500,500,500,500,500,500,500,500,500,500,500,500,500,500,500,250,250,250,250,250,250,250,250,325,325,325,325,325,325,325,325,325,325,325,325,325,325
ICICIPRULI,1500,1500,1500,1500,1500,1500,1500,1500,1500,1500,1500,1500,1500,1500,1500,1500,1500,1500,1500,1500,1500,1500,1500,1500,1500,750,750,750,750,750,750,750,750,1500,1500,1500,1500,1500,1500,1500,1500,1500,1500,1500,1500,1500,1500,1500,1500,1500,1500,1500,1500,1500,1500,1500,1500,1500,1500,1500,1500,750,750,750,750,750,750,750,750,925,925,925,925,925,925,925,925,925,925,925,925,925,925
IDEA,28000,28000,28000,98000,98000,98000,98000,98000,98000,140000,140000,140000,140000,70000,70000,70000,70000,70000,70000,70000,70000,70000,70000,70000,70000,70000,70000,70000,70000,70000,70000,70000,70000,70000,70000,70000,70000,70000,70000,70000,70000,70000,70000,70000,70000,80000,80000,80000,80000,80000,80000,80000,80000,80000,80000,40000,40000,40000,40000,40000,40000,40000,40000,40000,40000,40000,40000,40000,40000,71475,71475,71475,71475,71475,71475,71475,71475,71475,71475,71475,71475,71475,71475
IDFC,,,,,,,,,,,,,,,,,,,,,,,,,,,,10000,10000,10000,10000,10000,10000,10000,10000,10000,10000,10000,10000,10000,10000,10000,10000,10000,10000,10000,10000,10000,10000,5000,5000,5000,5000,5000,5000,5000,5000,5000,5000,5000,5000,5000,5000,,,,,,,,,,,,,,,,,,,,
IDFCFIRSTB,12000,12000,12000,12000,12000,12000,12000,12000,12000,19000,19000,19000,19000,19000,19000,19000,19000,19000,19000,9500,9500,9500,9500,9500,9500,9500,9500,11100,11100,11100,11100,11100,11100,15000,15000,15000,15000,15000,15000,15000,15000,15000,15000,15000,15000,15000,15000,15000,15000,7500,7500,7500,7500,7500,7500,7500,7500,7500,7500,7500,7500,7500,7500,7500,7500,7500,7500,7500,7500,9275,9275,9275,9275,9275,9275,9275,9275,9275,9275,9275,9275,9275,9275
IEX,,,,,,,,,,,,,,,,,,,,,,,,1250,1250,1250,3750,3750,3750,3750,3750,3750,3750,3750,3750,3750,3750,3750,3750,3750,3750,3750,3750,3750,3750,3750,3750,3750,3750,3750,3750,3750,3750,3750,3750,3750,3750,3750,3750,3750,3750,3750,3750,3750,3750,3750,3750,3750,3750,3750,3750,3750,3750,3750,3750,3750,3750,3750,3750,3750,3750,4350,4350
IGL,2750,2750,2750,2750,2750,2750,2750,1375,1375,1375,1375,1375,1375,1375,1375,1375,1375,1375,1375,1375,1375,1375,1375,1375,1375,1375,1375,1375,1375,1375,1375,1375,1375,1375,1375,1375,1375,1375,1375,1375,1375,1375,1375,1375,1375,1375,1375,1375,1375,1375,1375,1375,1375,1375,1375,1375,1375,1375,1375,1375,1375,1375,1375,1375,2750,2750,2750,2750,2750,2750,2750,2750,2750,2750,,,,,,,,,
IIFL,,,,,,,,,,,,,,,,,,,,,,,,,,,,,,,,,,,,,,,,,,,,,,,,,,,,,,,,,,,,,,,,,,1550,1550,1550,1550,1650,1650,1650,1650,1650,1650,1650,,,,,,,
INDHOTEL,,,,,,,,,,,,,,,,,,,,,,3900,3900,3900,3900,4022,4022,4022,4022,4022,4022,4022,4022,4022,4022,4022,4022,4022,4022,2000,2000,2000,2000,2000,2000,2000,2000,2000,2000,2000,2000,2000,2000,2000,2000,1000,1000,1000,1000,1000,1000,1000,1000,1000,1000,1000,1000,1000,1000,1000,1000,1000,1000,1000,1000,1000,1000,1000,1000,1000,1000,1000,1000
INDIACEM,,,,,,,,,,,,,,,,,,,,,,,,,2900,2900,2900,2900,2900,2900,2900,2900,2900,2900,2900,2900,2900,2900,2900,2900,2900,2900,2900,2900,2900,2900,2900,2900,2900,2900,2900,2900,2900,2900,2900,2900,2900,2900,2900,,,,,,,,,,,,,,,,,,,,,,,,
INDIAMART,,,,,,,,,,,,,,,,,,,,,,,,75,75,75,75,75,75,75,75,75,75,150,150,150,150,150,150,150,150,150,150,150,300,300,300,300,300,300,300,300,300,300,300,300,300,300,300,300,300,300,300,300,300,,,,,,,,,,,,,,,,,,
INDIANB,,,,,,,,,,,,,,,,,,,,,,,,,,,,,,,,,,,,,,,,,,,,,,,,,,,,,,,,,,,,,,,950,950,950,950,950,950,950,1000,1000,1000,1000,1000,1000,1000,1000,1000,1000,1000,1000,1000,1000
INDIGO,600,300,300,300,300,300,300,300,300,500,500,500,500,500,500,500,500,500,500,500,500,500,500,500,500,250,250,250,250,250,250,250,250,300,300,300,300,300,300,300,300,300,300,300,300,300,300,300,300,300,300,300,300,300,300,300,300,300,300,300,300,150,150,150,150,150,150,150,150,150,150,150,150,150,150,150,150,150,150,150,150,150,150
INDUSINDBK,400,400,400,400,400,400,400,400,400,800,800,800,800,800,800,900,900,900,900,900,900,900,900,900,900,900,900,900,900,900,900,900,900,900,900,900,900,450,450,450,450,450,450,450,450,500,500,500,500,500,500,500,500,500,500,500,500,500,500,500,500,500,500,500,500,500,500,500,500,700,700,700,700,700,700,700,700,700,700,700,700,700,700
INDUSTOWER,,,,,,,,,,,,,,,2800,2800,2800,2800,2800,2800,2800,2800,2800,2800,2800,2800,2800,2800,2800,2800,2800,2800,2800,2800,2800,2800,2800,2800,2800,2800,2800,2800,2800,2800,2800,3400,3400,3400,3400,3400,3400,3400,3400,3400,3400,3400,3400,3400,3400,3400,3400,1700,1700,1700,1700,1700,1700,1700,1700,1700,1700,1700,1700,1700,1700,1700,1700,1700,1700,1700,1700,1700,1700
INFRATEL,2000,2000,2000,2000,2000,2000,2000,2000,2000,2800,2800,2800,2800,2800,2800,2800,2800,,,,,,,,,,,,,,,,,,,,,,,,,,,,,,,,,,,,,,,,,,,,,,,,,,,,,,,,,,,,,,,,,,
INFY,1200,1200,1200,1200,1200,1200,1200,1200,1200,1200,1200,1200,1200,600,600,600,600,600,600,600,600,600,600,600,600,300,300,300,300,300,300,300,300,300,300,300,300,300,300,400,400,400,400,400,400,400,400,400,400,400,400,400,400,400,400,400,400,400,400,400,400,400,400,400,400,400,400,400,400,400,400,400,400,400,400,400,400,400,400,400,400,400,400
INOXWIND,,,,,,,,,,,,,,,,,,,,,,,,,,,,,,,,,,,,,,,,,,,,,,,,,,,,,,,,,,,,,,,,,,,3225,3225,3225,3272,3272,3272,3272,3272,3272,3575,3575,3575,3575,3575,3575,6400,6400
INTELLECT,,,,,,,,,,,,,,,,,,,,,,,,,,,,,750,750,750,750,750,750,750,750,750,750,750,1000,1000,1000,1000,1000,1000,1300,,,,,,,,,,,,,,,,,,,,,,,,,,,,,,,,,,,,,
IOC,3500,3500,3500,4000,4000,4000,4000,4000,4000,5700,5700,5700,5700,5700,5700,6500,6500,6500,6500,6500,6500,6500,6500,6500,6500,6500,6500,6500,6500,6500,6500,6500,6500,9750,9750,9750,9750,9750,9750,9750,9750,9750,9750,9750,9750,9750,9750,9750,9750,9750,9750,9750,9750,9750,9750,4875,4875,4875,4875,4875,4875,4875,4875,4875,4875,4875,4875,4875,4875,4875,4875,4875,4875,4875,4875,4875,4875,4875,4875,4875,4875,4875,4875
IPCALAB,,,,,,,,,,,,,,,,,,,,,,,,225,225,225,225,450,450,450,450,450,450,650,650,650,650,650,650,650,650,650,650,650,650,650,650,650,650,650,650,650,650,650,650,650,650,650,650,650,650,650,650,650,650,,,,,,,,,,,,,,,,,,
IRB,,,,,,,,,,,,,,,,,,,,,,,,,,,,,,,,,,,,,,,,,,,,,,,,,,,,,,,,,,,,,,,10250,10250,10250,10250,10250,10250,10250,11675,11675,,,,,,,,,,,,
IRCTC,,,,,,,,,,,,,,,,,,325,325,325,325,325,325,325,1625,1625,1625,875,875,875,875,875,875,875,875,875,875,875,875,875,875,875,875,875,875,875,875,875,875,875,875,875,875,875,875,875,875,875,875,875,875,875,875,875,875,875,875,875,875,875,875,875,875,875,875,875,875,,,,,,
IREDA,,,,,,,,,,,,,,,,,,,,,,,,,,,,,,,,,,,,,,,,,,,,,,,,,,,,,,,,,,,,,,,,,,2900,2900,2900,2900,3450,3450,3450,3450,3450,3450,3450,3450,3450,3450,3450,3450,4525,4525
IRFC,,,,,,,,,,,,,,,,,,,,,,,,,,,,,,,,,,,,,,,,,,,,,,,,,,,,,,,,,,,,,,,3525,3525,3525,3525,3525,3525,3525,4250,4250,4250,4250,4250,4250,4250,4250,4250,4250,4250,4250,5425,5425
ITC,2400,2400,2400,2400,2400,2400,2400,2400,2400,3200,3200,3200,3200,3200,3200,3200,3200,3200,3200,3200,3200,3200,3200,3200,3200,3200,3200,3200,3200,3200,3200,3200,3200,3200,3200,3200,3200,1600,1600,1600,1600,1600,1600,1600,1600,1600,1600,1600,1600,1600,1600,1600,1600,1600,1600,1600,1600,1600,1600,1600,1600,1600,1600,1600,1600,1600,1600,1600,1600,1600,1600,1600,1600,1600,1600,1600,1600,1600,1600,1600,1600,1725,1725
JINDALSTEL,3200,3200,3200,5000,5000,5000,5000,5000,5000,5000,5000,5000,5000,5000,5000,5000,5000,5000,5000,2500,2500,2500,2500,2500,2500,2500,2500,2500,2500,2500,2500,1250,1250,1250,1250,1250,1250,1250,1250,1250,1250,1250,1250,1250,1250,1250,1250,1250,1250,1250,1250,1250,1250,1250,1250,625,625,625,625,625,625,625,625,625,625,625,625,625,625,625,625,625,625,625,625,625,625,625,625,625,625,625,625
JIOFIN,,,,,,,,,,,,,,,,,,,,,,,,,,,,,,,,,,,,,,,,,,,,,,,,,,,,,,,,,,,,,,,1650,1650,1650,1650,1650,1650,1650,2350,2350,2350,2350,2350,2350,2350,2350,2350,2350,2350,2350,2350,2350
JKCEMENT,,,,,,,,,,,,,,,,,,,,,,,,,175,175,175,175,175,175,175,175,175,250,250,250,250,250,250,250,250,250,250,250,250,250,250,250,250,250,250,250,250,250,250,125,125,125,125,125,125,125,125,125,125,125,,,,,,,,,,,,,,,,,
JSL,,,,,,,,,,,,,,,,,,,,,,,,,,,,,,,,,,,,,,,,,,,,,,,,,,,,,,,,,,,,,,,775,775,775,775,775,775,775,850,850,,,,,,,,,,,,
JSWENERGY,,,,,,,,,,,,,,,,,,,,,,,,,,,,,,,,,,,,,,,,,,,,,,,,,,,,,,,,,,,,,,,750,750,750,750,750,750,750,1000,1000,1000,1000,1000,1000,1000,1000,1000,1000,1000,1000,1075,1075
JSWSTEEL,2000,2000,2000,2300,2300,2300,2300,2300,2300,2700,2700,2700,2700,2700,2700,2700,2700,2700,2700,1350,1350,1350,1350,1350,1350,1350,1350,1350,1350,1350,1350,1350,1350,1350,1350,1350,1350,1350,1350,1350,1350,1350,1350,1350,1350,1350,1350,1350,1350,675,675,675,675,675,675,675,675,675,675,675,675,675,675,675,675,675,675,675,675,675,675,675,675,675,675,675,675,675,675,675,675,675,675
JUBLFOOD,500,500,500,500,500,500,500,500,500,500,500,500,500,250,250,250,250,250,250,250,250,250,250,250,250,125,125,125,125,125,625,625,625,1250,1250,1250,1250,1250,1250,1250,1250,1250,1250,1250,1250,1250,1250,1250,1250,1250,1250,1250,1250,1250,1250,1250,1250,1250,1250,1250,1250,1250,1250,1250,1250,1250,1250,1250,1250,1250,1250,1250,1250,1250,1250,1250,1250,1250,1250,1250,1250,1250,1250
JUSTDIAL,1400,1400,1400,1400,1400,1400,1400,1400,1400,1400,,,,,,,,,,,,,,,,,,,,,,,,,,,,,,,,,,,,,,,,,,,,,,,,,,,,,,,,,,,,,,,,,,,,,,,,,
KALYANKJIL,,,,,,,,,,,,,,,,,,,,,,,,,,,,,,,,,,,,,,,,,,,,,,,,,,,,,,,,,,,,,,,775,775,775,775,775,775,775,1175,1175,1175,1175,1175,1175,1175,1175,1175,1175,1175,1175,1350,1350
KAYNES,,,,,,,,,,,,,,,,,,,,,,,,,,,,,,,,,,,,,,,,,,,,,,,,,,,,,,,,,,,,,,,,,,,,,100,100,100,100,100,100,100,100,100,100,100,100,100,150,150
KEI,,,,,,,,,,,,,,,,,,,,,,,,,,,,,,,,,,,,,,,,,,,,,,,,,,,,,,,,,,,,,,,150,150,150,150,150,150,150,175,175,175,175,175,175,175,175,175,175,175,175,175,175
KFINTECH,,,,,,,,,,,,,,,,,,,,,,,,,,,,,,,,,,,,,,,,,,,,,,,,,,,,,,,,,,,,,,,,,,,,,,450,450,450,450,450,450,500,500,500,500,500,500,575,575
KOTAKBANK,400,400,400,400,400,400,400,400,400,400,400,400,400,400,400,400,400,400,400,400,400,400,400,400,400,400,400,400,400,400,400,400,400,400,400,400,400,400,400,400,400,400,400,400,400,400,400,400,400,400,400,400,400,400,400,400,400,400,400,400,400,400,400,400,400,400,400,400,400,400,400,400,400,400,400,2000,2000,2000,2000,2000,2000,2000,2000
KPITTECH,,,,,,,,,,,,,,,,,,,,,,,,,,,,,,,,,,,,,,,,,,,,,,,,,,,,,,,,,,,,,,,400,400,400,400,400,400,400,400,400,400,400,400,400,425,425,425,425,425,425,775,775
L&TFH,4500,4500,4500,5600,5600,5600,5600,5600,5600,6800,6800,6800,6800,6800,6800,8924,8924,8924,8924,8924,8924,8924,8924,8924,8924,8924,8924,8924,8924,8924,8924,8924,8924,8924,8924,8924,8924,8924,8924,8924,8924,8924,8924,8924,8924,8924,8924,8924,8924,4462,4462,4462,4462,4462,4462,4462,4462,,,,,,,,,,,,,,,,,,,,,,,,,,
LALPATHLAB,,,,,,,,,,,,,,,,250,250,250,250,250,250,250,250,250,250,125,125,125,125,125,125,125,125,250,250,250,250,250,250,250,250,250,250,250,250,300,300,300,300,300,300,300,300,300,300,300,300,300,300,300,300,150,150,150,150,,,,,,,,,,,,,,,,,,
LAURUSLABS,,,,,,,,,,,,,,,,,,,,,,,,,,900,900,900,900,900,900,900,900,900,900,900,900,900,900,1100,1100,1100,1100,1100,1100,1700,1700,1700,1700,1700,1700,1700,1700,1700,1700,1700,1700,1700,1700,1700,1700,1700,1700,1700,1700,1700,1700,1700,1700,1700,1700,1700,1700,850,850,850,850,850,850,850,850,850,850
LICHSGFIN,1100,1100,1100,1300,1300,1300,1300,1300,1300,2000,2000,2000,2000,2000,2000,2000,2000,2000,2000,2000,2000,2000,2000,2000,2000,2000,2000,2000,2000,2000,2000,2000,2000,2000,2000,2000,2000,2000,2000,2000,2000,2000,2000,2000,2000,2000,2000,2000,2000,2000,2000,2000,2000,2000,2000,1000,1000,1000,1000,1000,1000,1000,1000,1000,1000,1000,1000,1000,1000,1000,1000,1000,1000,1000,1000,1000,1000,1000,1000,1000,1000,1000,1000
LICI,,,,,,,,,,,,,,,,,,,,,,,,,,,,,,,,,,,,,,,,,,,,,,,,,,,,,,,,,,,,,,,575,575,575,575,575,575,575,700,700,700,700,700,700,700,700,700,700,700,1400,1400,1400
LODHA,,,,,,,,,,,,,,,,,,,,,,,,,,,,,,,,,,,,,,,,,,,,,,,,,,,,,,,,,,,,,,,450,450,450,450,450,450,450,450,450,450,450,450,450,450,450,450,450,450,450,625,625
LT,375,375,375,375,375,375,375,375,375,550,550,550,550,550,550,575,575,575,575,575,575,575,575,575,575,575,575,575,575,575,575,575,575,300,300,300,300,300,300,300,300,300,300,300,300,300,300,300,300,300,300,300,300,300,300,150,150,150,150,150,150,150,150,150,150,150,150,150,150,175,175,175,175,175,175,175,175,175,175,175,175,175,175
LTF,,,,,,,,,,,,,,,,,,,,,,,,,,,,,,,,,,,,,,,,,,,,,,,,,,,,,,,4462,4462,4462,4462,4462,4462,4462,4462,4462,4462,4462,4462,4462,4462,4462,4462,4462,4462,4462,4462,4462,2250,2250,2250,2250,2250,2250,2250,2250
LTI,,,,,,,,,,,,,,,,,,150,150,150,150,150,150,150,150,150,150,150,150,150,150,150,150,150,150,150,150,150,150,150,150,,,,,,,,,,,,,,,,,,,,,,,,,,,,,,,,,,,,,,,,,,
LTIM,,,,,,,,,,,,,,,,,,,,,,,,,,,,,,,,,,,,,,,150,150,150,150,150,150,150,150,150,150,150,150,150,150,150,150,150,150,150,150,150,150,150,150,150,150,150,150,150,150,150,150,150,150,150,150,150,150,150,150,150,150,,,
LTM,,,,,,,,,,,,,,,,,,,,,,,,,,,,,,,,,,,,,,,,,,,,,,,,,,,,,,,,,,,,,,,,,,,,,,,,,,,,,,150,150,150,150,150,150
LTTS,,,,,,,,,,,,,,,,,,200,200,200,200,200,200,200,200,200,200,200,200,200,200,200,200,200,200,200,200,200,200,200,200,200,200,200,200,200,200,200,200,200,200,200,200,200,200,100,100,100,100,100,100,100,100,100,100,100,,,,,,,,,,,,,,,,,
LUPIN,700,700,700,700,700,700,700,700,700,850,850,850,850,850,850,850,850,850,850,850,850,850,850,850,850,850,850,850,850,850,850,850,850,850,850,850,850,850,850,850,850,850,850,850,850,850,850,850,850,850,850,850,850,850,850,425,425,425,425,425,425,425,425,425,425,425,425,425,425,425,425,425,425,425,425,425,425,425,425,425,425,425,425
M&M,1000,1000,1000,1000,1000,1000,1000,1000,1000,1400,1400,1400,1400,1400,1400,1400,1400,1400,1400,700,700,700,700,700,700,700,700,700,700,700,700,700,700,700,700,700,700,700,700,700,700,700,700,700,700,700,700,700,700,350,350,350,350,350,350,350,350,350,350,350,350,175,175,175,175,175,175,175,175,200,200,200,200,200,200,200,200,200,200,200,200,200,200
M&MFIN,1250,1250,1250,1600,1600,1600,1600,1600,1600,3444,3444,3444,3444,3444,3444,4000,4000,4000,4000,4000,4000,4000,4000,4000,4000,4000,4000,4000,4000,4000,4000,4000,4000,4000,4000,4000,4000,4000,4000,4000,4000,4000,4000,4000,4000,4000,4000,4000,4000,2000,2000,2000,2000,2000,2000,2000,2000,2000,2000,2000,2000,2000,2000,2000,2000,2000,2000,2056,2056,2056,,,,,,,,,,,,,
MANAPPURAM,6000,6000,6000,6000,6000,6000,6000,6000,6000,6000,6000,6000,6000,6000,6000,6000,6000,6000,6000,6000,6000,6000,6000,6000,6000,3000,3000,3000,3000,3000,3000,3000,3000,6000,6000,6000,6000,6000,6000,6000,6000,6000,6000,6000,6000,6000,6000,6000,6000,6000,6000,6000,6000,6000,6000,3000,3000,3000,3000,3000,3000,3000,3000,3000,3000,3000,3000,3000,3000,3000,3000,3000,3000,3000,3000,3000,3000,3000,3000,3000,3000,3000,3000
MANKIND,,,,,,,,,,,,,,,,,,,,,,,,,,,,,,,,,,,,,,,,,,,,,,,,,,,,,,,,,,,,,,,,,,,,,225,225,225,225,225,225,225,225,225,225,225,225,225,250,250
MARICO,2600,1300,1300,1300,1300,1300,1300,1300,1300,2000,2000,2000,2000,2000,2000,2000,2000,2000,2000,2000,2000,2000,2000,2000,2000,1000,1000,1000,1000,1000,1000,1000,1000,1200,1200,1200,1200,1200,1200,1200,1200,1200,1200,1200,1200,1200,1200,1200,1200,1200,1200,1200,1200,1200,1200,1200,1200,1200,1200,1200,1200,1200,1200,1200,1200,1200,1200,1200,1200,1200,1200,1200,1200,1200,1200,1200,1200,1200,1200,1200,1200,1200,1200
MARUTI,75,75,75,100,100,100,100,100,100,100,100,100,100,100,100,100,100,100,100,100,100,100,100,100,100,100,100,100,100,100,100,100,100,100,100,100,100,100,100,100,100,100,100,100,100,100,100,100,100,50,50,50,50,50,50,50,50,50,50,50,50,50,50,50,50,50,50,50,50,50,50,50,50,50,50,50,50,50,50,50,50,50,50
MAXHEALTH,,,,,,,,,,,,,,,,,,,,,,,,,,,,,,,,,,,,,,,,,,,,,,,,,,,,,,,,,,,,,,,525,525,525,525,525,525,525,525,525,525,525,525,525,525,525,525,525,525,525,525,525
MAZDOCK,,,,,,,,,,,,,,,,,,,,,,,,,,,,,,,,,,,,,,,,,,,,,,,,,,,,,,,,,,,,,,,,,,,,,175,175,175,175,175,175,175,200,200,200,200,200,200,225,225
MCDOWELL-N,1250,1250,1250,1250,1250,1250,1250,1250,1250,1250,1250,1250,1250,1250,1250,1250,1250,1250,1250,1250,1250,1250,1250,1250,1250,1250,1250,1250,1250,1250,1250,625,625,625,625,625,625,625,625,625,625,625,625,625,625,700,700,700,700,700,700,700,700,700,700,700,700,700,700,,,,,,,,,,,,,,,,,,,,,,,,
MCX,,,,,,,,,,,,,,,,,,,,,,,,350,350,350,350,350,350,350,350,350,350,400,400,400,400,400,400,400,400,400,400,400,400,400,400,400,400,400,400,400,400,400,400,200,200,200,200,200,200,100,100,100,100,100,100,100,100,125,125,125,125,125,125,625,625,625,625,625,625,225,225
METROPOLIS,,,,,,,,,,,,,,,,,,,,,,200,200,200,200,200,200,200,200,200,200,200,200,300,300,300,300,300,300,400,400,400,400,400,400,400,400,400,400,400,400,400,400,400,400,400,400,400,400,400,400,400,400,400,400,,,,,,,,,,,,,,,,,,
MFSL,1200,1200,1200,1300,1300,1300,1300,1300,1300,1300,1300,1300,1300,1300,1300,1300,1300,1300,1300,650,650,650,650,650,650,650,650,650,650,650,650,650,650,650,650,650,650,650,650,650,650,650,650,650,650,800,800,800,800,800,800,800,800,800,800,800,800,800,800,800,800,800,800,800,800,800,800,800,800,800,800,800,800,400,400,400,400,400,400,400,400,400,400
MGL,600,600,600,600,600,600,600,600,600,600,600,600,600,600,600,600,600,600,600,600,600,600,600,600,600,600,600,600,600,600,600,600,600,800,800,800,800,800,800,800,800,800,800,800,800,800,800,800,800,800,800,800,800,800,800,400,400,400,400,400,400,400,400,400,400,400,400,400,400,400,,,,,,,,,,,,,
MINDTREE,600,600,600,800,800,800,800,800,800,800,800,800,800,800,800,800,800,800,800,400,400,400,400,400,400,200,200,200,200,200,200,200,200,200,200,200,200,200,200,200,,,,,,,,,,,,,,,,,,,,,,,,,,,,,,,,,,,,,,,,,,,
MOTHERSON,,,,,,,,,,,,,,,,,,,,,,,,,,,,,,,,,3500,4500,4500,4500,6750,6750,6750,6750,6750,6750,6750,6750,6750,7100,7100,7100,7100,7100,7100,7100,7100,7100,7100,7100,7100,7100,7100,7100,7100,3550,3550,3550,3550,3550,3550,3550,3550,6150,6150,6150,6150,6150,6150,6150,6150,6150,6150,6150,6150,6150,6150
MOTHERSUMI,3300,3300,3300,5000,5000,5000,5000,5000,5000,7000,7000,7000,7000,7000,7000,7000,7000,7000,7000,3500,3500,3500,3500,3500,3500,3500,3500,3500,3500,3500,3500,3500,3500,4500,4500,,,,,,,,,,,,,,,,,,,,,,,,,,,,,,,,,,,,,,,,,,,,,,,,
MOTILALOFS,,,,,,,,,,,,,,,,,,,,,,,,,,,,,,,,,,,,,,,,,,,,,,,,,,,,,,,,,,,,,,,,,,,,,,,,,,,,,,,775,775,775,775,775
MPHASIS,,,,,,,,,,,,,,,,,,325,325,325,325,325,325,325,325,325,325,175,175,175,175,175,175,175,175,175,175,175,175,275,275,275,275,275,275,275,275,275,275,275,275,275,275,275,275,275,275,275,275,275,275,275,275,275,275,275,275,275,275,275,275,275,275,275,275,275,275,275,275,275,275,275,275
MRF,10,10,10,10,10,10,10,10,10,10,10,10,10,10,10,10,10,10,10,10,10,10,10,10,10,10,10,10,10,10,10,10,10,10,10,10,10,10,10,10,10,10,10,10,10,10,10,10,10,5,5,5,5,5,5,5,5,5,5,5,5,5,5,5,5,5,5,5,,,,,,,,,,,,,,,
MUTHOOTFIN,1500,1500,1500,1500,1500,1500,1500,750,750,750,750,750,750,750,750,750,750,750,750,750,750,750,750,750,750,375,375,375,375,375,375,375,375,375,375,375,375,375,375,550,550,550,550,550,550,550,550,550,550,550,550,550,550,550,550,550,550,550,550,550,550,275,275,275,275,275,275,275,275,275,275,275,275,275,275,275,275,275,275,275,275,275,275
NAM-INDIA,,,,,,,,,,,,,,,,,,1600,1600,1600,1600,1600,1600,1600,1600,1600,1600,1600,1600,1600,1600,1600,1600,1600,1600,,,,,,,,,,,,,,,,,,,,,,,,,,,,,,,,,,,,,,,,,,,,625,625,625,625,625
NATIONALUM,10000,10000,10000,11700,11700,11700,11700,11700,11700,17000,17000,17000,17000,17000,17000,17000,17000,17000,17000,17000,17000,17000,17000,17000,17000,8500,8500,8500,8500,8500,8500,4250,4250,4250,4250,4250,4250,4250,4250,7500,7500,7500,7500,7500,7500,7500,7500,7500,7500,7500,7500,7500,7500,7500,7500,3750,3750,3750,3750,3750,3750,3750,3750,3750,3750,3750,3750,3750,3750,3750,3750,3750,3750,3750,3750,3750,3750,3750,3750,1875,1875,1875,1875
NAUKRI,,,,,,200,200,200,200,250,250,250,250,250,250,250,250,250,250,125,125,125,125,125,125,125,125,125,125,125,125,125,125,125,125,125,125,125,125,125,125,125,125,125,125,150,150,150,150,150,150,150,150,150,150,150,150,150,150,150,150,75,75,75,75,75,75,375,375,375,375,375,375,375,375,375,375,375,375,375,375,550,550
NAVINFLUOR,,,,,,,,,,,,,,,,,,225,225,225,225,225,225,225,225,225,225,225,225,225,225,225,225,225,225,225,225,225,225,150,150,150,150,150,150,150,150,150,150,150,150,150,150,150,150,150,150,175,175,175,175,175,175,175,175,,,,,,,,,,,,,,,,,,
NBCC,8500,8500,8500,14300,,,,,,,,,,,,,,,,,,,,,,,,12000,12000,12000,12000,12000,12000,15000,,,,,,,,,,,,,,,,,,,,,,,,,,,,,,,5800,5800,5800,5800,5800,6500,6500,6500,6500,6500,6500,6500,6500,6500,6500,6500,6500,6500,6500
NCC,8000,8000,8000,9000,9000,9000,9000,9000,9000,21000,,,,,,,,,,,,,,,,,,,,,,,,,,,,,,,,,,,,,,,,,,,,,,,,,,,,,1775,1775,1775,1775,1775,1775,1775,2700,2700,2700,2700,2700,2700,,,,,,,,
NESTLEIND,50,50,50,50,50,50,50,50,50,50,50,50,50,50,50,50,50,50,50,50,50,50,50,50,50,25,25,25,25,25,25,25,25,40,40,40,40,40,40,40,40,40,40,40,40,40,40,40,40,40,40,400,400,400,400,200,200,200,200,200,200,200,200,200,200,200,200,200,200,250,500,500,500,500,500,500,500,500,500,500,500,500,500
NHPC,,,,,,,,,,,,,,,,,,,,,,,,,,,,,,,,,,,,,,,,,,,,,,,,,,,,,,,,,,,,,,,6400,6400,6400,6400,6400,6400,6400,6400,6400,6400,6400,6400,6400,6400,6400,6400,6400,6400,6400,6950,6950
NIITTECH,750,375,375,375,375,375,375,375,375,375,375,375,375,,,,,,,,,,,,,,,,,,,,,,,,,,,,,,,,,,,,,,,,,,,,,,,,,,,,,,,,,,,,,,,,,,,,,,
NMDC,6000,6000,6000,6000,6000,6000,6000,6000,6000,6700,6700,6700,6700,6700,6700,6700,6700,6700,6700,6700,6700,6700,6700,6700,6700,6700,6700,6700,6700,6700,6700,3350,3350,3350,3350,3350,3350,3350,3350,4500,4500,4500,4500,4500,4500,4500,4500,4500,4500,4500,4500,4500,4500,4500,4500,4500,4500,4500,4500,4500,4500,4500,4500,13500,13500,13500,13500,13500,13500,13500,13500,13500,13500,6750,6750,6750,6750,6750,6750,6750,6750,6750,6750
NTPC,4800,4800,4800,4800,4800,4800,4800,4800,4800,5700,5700,5700,5700,5700,5700,5700,5700,5700,5700,5700,5700,5700,5700,5700,5700,5700,5700,5700,5700,5700,5700,5700,5700,5700,5700,5700,5700,5700,5700,5700,5700,5700,5700,5700,5700,3000,3000,3000,3000,3000,3000,3000,3000,3000,3000,1500,1500,1500,1500,1500,1500,1500,1500,1500,1500,1500,1500,1500,1500,1500,1500,1500,1500,1500,1500,1500,1500,1500,1500,1500,1500,1500,1500
NUVAMA,,,,,,,,,,,,,,,,,,,,,,,,,,,,,,,,,,,,,,,,,,,,,,,,,,,,,,,,,,,,,,,,,,,,,,,75,75,75,75,375,500,500,500,500,500,500,500,
NYKAA,,,,,,,,,,,,,,,,,,,,,,,,,,,,,,,,,,,,,,,,,,,,,,,,,,,,,,,,,,,,,,,2950,2950,2950,2950,2950,2950,2950,3125,3125,3125,3125,3125,3125,3125,3125,3125,3125,3125,3125,3125,3125
OBEROIRLTY,,,,,,,,,,,,,,,,,,,,,,,,,700,700,700,700,700,700,700,700,700,700,700,700,700,700,700,700,700,700,700,700,700,700,700,700,700,700,700,700,700,700,700,700,700,700,700,700,700,350,350,350,350,350,350,350,350,350,350,350,350,350,350,350,350,350,350,350,350,350,350
OFSS,,,,,,,,,,,,,,,,,,,,,,,,125,125,125,125,125,125,125,125,125,125,200,200,200,200,200,200,200,200,200,200,200,200,200,200,200,200,200,200,200,200,200,200,100,100,100,100,100,100,50,50,50,50,50,50,50,50,75,75,75,75,75,75,75,75,75,75,75,75,100,100
OIL,3399,3399,3399,3399,3399,3399,3399,,,,,,,,,,,,,,,,,,,,,,,,,,,,,,,,,,,,,,,,,,,,,,,,,,,,,,,,1075,1075,1075,1075,1075,1075,1075,1400,1400,1400,1400,1400,1400,1400,1400,1400,1400,1400,1400,1400,1400
ONGC,3750,3750,3750,4100,4100,4100,4100,4100,4100,7700,7700,7700,7700,7700,7700,7700,7700,7700,7700,7700,7700,7700,7700,7700,7700,7700,7700,7700,7700,7700,7700,3850,3850,3850,3850,3850,3850,3850,3850,3850,3850,3850,3850,3850,3850,3850,3850,3850,3850,3850,3850,3850,3850,3850,3850,1925,1925,1925,1925,1925,1925,1925,1925,1925,1925,1925,1925,1925,1925,2250,2250,2250,2250,2250,2250,2250,2250,2250,2250,2250,2250,2250,2250
PAGEIND,25,25,25,25,25,25,25,25,25,30,30,30,30,30,30,30,30,30,30,30,30,30,30,30,30,30,30,30,30,30,30,15,15,15,15,15,15,15,15,15,15,15,15,15,15,15,15,15,15,15,15,15,15,15,15,15,15,15,15,15,15,15,15,15,15,15,15,15,15,15,15,15,15,15,15,15,15,15,15,15,15,20,20
PATANJALI,,,,,,,,,,,,,,,,,,,,,,,,,,,,,,,,,,,,,,,,,,,,,,,,,,,,,,,,,,,,,,,,,,300,300,300,300,300,300,900,900,900,900,900,900,900,900,900,900,1075,1075
PAYTM,,,,,,,,,,,,,,,,,,,,,,,,,,,,,,,,,,,,,,,,,,,,,,,,,,,,,,,,,,,,,,,650,650,650,650,650,650,650,725,725,725,725,725,725,725,725,725,725,725,725,725,725
PEL,302,302,302,309,309,309,309,309,309,550,550,550,550,550,550,550,550,550,550,275,275,275,275,275,275,275,275,275,275,275,275,275,275,275,275,275,275,275,275,550,550,550,550,550,550,750,750,750,750,750,750,750,750,750,750,750,750,750,750,750,750,750,750,750,750,750,750,750,750,750,,,,,,,,,,,,,
PERSISTENT,,,,,,,,,,,,,,,,,,,,,,,,,150,150,150,150,150,150,150,150,150,150,150,150,150,150,150,175,175,175,175,175,175,175,175,175,175,175,175,100,100,200,200,200,200,200,200,200,200,100,100,100,100,100,100,100,100,100,100,100,100,100,100,100,100,100,100,100,100,125,125
PETRONET,3000,3000,3000,3000,3000,3000,3000,3000,3000,3000,3000,3000,3000,3000,3000,3000,3000,3000,3000,3000,3000,3000,3000,3000,3000,3000,3000,3000,3000,3000,3000,3000,3000,3000,3000,3000,3000,3000,3000,3000,3000,3000,3000,3000,3000,3000,3000,3000,3000,3000,3000,3000,3000,3000,3000,3000,3000,3000,3000,3000,3000,1500,1500,1500,1500,1500,1500,1500,1500,1800,1800,1800,1800,1800,1800,1900,1900,1900,1900,1900,1900,1900,1900
PFC,6200,6200,6200,6200,6200,6200,6200,6200,6200,6200,6200,6200,6200,6200,6200,6200,6200,6200,6200,6200,6200,6200,6200,6200,6200,6200,6200,6200,6200,6200,6200,6200,6200,6200,6200,6200,6200,6200,6200,6200,6200,6200,6200,6200,6200,6200,6200,7750,7750,3875,3875,3875,3875,3875,3875,3875,3875,1300,1300,1300,1300,1300,1300,1300,1300,1300,1300,1300,1300,1300,1300,1300,1300,1300,1300,1300,1300,1300,1300,1300,1300,1300,1300
PFIZER,,,,,,,,,,,,,,,,,,125,125,125,125,125,125,125,125,125,125,125,125,125,125,,,,,,,,,,,,,,,,,,,,,,,,,,,,,,,,,,,,,,,,,,,,,,,,,,,,
PGEL,,,,,,,,,,,,,,,,,,,,,,,,,,,,,,,,,,,,,,,,,,,,,,,,,,,,,,,,,,,,,,,,,,,,,,700,700,700,700,700,700,950,950,950,950,950,950,950,950
PHOENIXLTD,,,,,,,,,,,,,,,,,,,,,,,,,,,,,,,,,,,,,,,,,,,,,,,,,,,,,,,,,,,,,,,,,350,350,350,350,350,350,350,350,350,350,350,350,350,350,350,350,350,350,350
PIDILITIND,500,500,500,500,500,500,500,500,500,500,500,500,500,500,500,500,500,500,500,500,500,500,500,500,500,250,250,250,250,250,250,250,250,250,250,250,250,250,250,250,250,250,250,250,250,250,250,250,250,250,250,250,250,250,250,250,250,250,250,250,250,250,250,250,250,250,250,250,250,250,250,500,500,500,500,500,500,500,500,500,500,500,500
PIIND,,,,,,,,,,,,,,,,,,250,250,250,250,250,250,250,250,250,250,250,250,250,250,250,250,250,250,250,250,250,250,250,250,250,250,250,250,250,250,250,250,250,250,250,250,250,250,250,250,250,250,250,250,125,125,125,125,125,125,125,125,175,175,175,175,175,175,175,175,175,175,175,175,175,175
PNB,7000,7000,7000,8300,8300,8300,8300,8300,8300,14000,14000,14000,14000,14000,14000,16000,16000,16000,16000,16000,16000,16000,16000,16000,16000,16000,16000,16000,16000,16000,16000,16000,16000,16000,16000,16000,16000,16000,16000,16000,16000,16000,16000,16000,16000,16000,16000,16000,16000,8000,8000,8000,8000,8000,8000,8000,8000,8000,8000,8000,8000,8000,8000,8000,8000,8000,8000,8000,8000,8000,8000,8000,8000,8000,8000,8000,8000,8000,8000,8000,8000,8000,8000
PNBHOUSING,,,,,,,,,,,,,,,,,,,,,,,,,,,,,,,,,,,,,,,,,,,,,,,,,,,,,,,,,,,,,,,,,,,650,650,650,650,650,650,650,650,650,650,650,650,650,650,650,650,650
POLICYBZR,,,,,,,,,,,,,,,,,,,,,,,,,,,,,,,,,,,,,,,,,,,,,,,,,,,,,,,,,,,,,,,325,325,325,325,325,325,325,350,350,350,350,350,350,350,350,350,350,350,350,350,350
POLYCAB,,,,,,,,,,,,,,,,,,,,,,,,300,300,300,300,300,300,300,300,300,300,300,300,300,300,300,300,300,300,300,300,300,300,300,300,300,300,100,100,100,100,100,100,100,100,125,125,125,125,125,125,125,125,125,125,125,125,125,125,125,125,125,125,125,125,125,125,125,125,125,125
POONAWALLA,,,,,,,,,,,,,,,,,,,,,,,,,,,,,,,,,,,,,,,,,,,,,,,,,,,,,,,,,,,,,,,1450,1450,1450,1450,1450,1450,1450,1700,1700,,,,,,,,,,,,
POWERGRID,4000,4000,4000,4000,4000,4000,4000,4000,4000,4000,4000,4000,4000,4000,4000,4000,4000,4000,4000,4000,4000,5333,5333,5333,5333,5333,5333,5333,5333,5333,5333,5333,5333,2700,2700,2700,2700,2700,2700,2700,2700,2700,2700,2700,2700,2700,2700,3600,3600,3600,3600,3600,3600,3600,3600,3600,3600,3600,3600,3600,3600,1800,1800,1800,1800,1800,1800,1800,1800,1900,1900,1900,1900,1900,1900,1900,1900,1900,1900,1900,1900,1900,1900
POWERINDIA,,,,,,,,,,,,,,,,,,,,,,,,,,,,,,,,,,,,,,,,,,,,,,,,,,,,,,,,,,,,,,,,,,,,,,,,,50,50,50,50,50,50,50,25,25,25,25
PPLPHARMA,,,,,,,,,,,,,,,,,,,,,,,,,,,,,,,,,,,,,,,,,,,,,,,,,,,,,,,,,,,,,,,,,,,,,2500,2500,2500,2500,2500,2500,2500,2625,2625,2625,2625,,,,
PREMIERENE,,,,,,,,,,,,,,,,,,,,,,,,,,,,,,,,,,,,,,,,,,,,,,,,,,,,,,,,,,,,,,,,,,,,,,,,,,,,575,575,575,575,575,575,650,650
PRESTIGE,,,,,,,,,,,,,,,,,,,,,,,,,,,,,,,,,,,,,,,,,,,,,,,,,,,,,,,,,,,,,,,325,325,325,325,325,325,325,450,450,450,450,450,450,450,450,450,450,450,450,450,450
PVR,400,400,400,400,400,400,400,400,400,407,407,407,407,407,407,407,407,407,407,407,407,407,407,407,407,407,407,407,407,407,407,407,407,407,407,407,407,407,407,407,407,407,407,407,407,407,,,,,,,,,,,,,,,,,,,,,,,,,,,,,,,,,,,,,
PVRINOX,,,,,,,,,,,,,,,,,,,,,,,,,,,,,,,,,,,,,,,,,,,,407,407,407,407,407,407,407,407,407,407,407,407,407,407,407,407,407,407,407,407,407,407,,,,,,,,,,,,,,,,,,
RADICO,,,,,,,,,,,,,,,,,,,,,,,,,,,,,,,,,,,,,,,,,,,,,,,,,,,,,,,,,,,,,,,,,,,,,,,,,,,,,,,,,150,150,150
RAIN,,,,,,,,,,,,,,,,,,,,,,,,,,,,2500,2500,2500,2500,2500,2500,3500,3500,3500,3500,3500,3500,3500,3500,3500,3500,3500,3500,,,,,,,,,,,,,,,,,,,,,,,,,,,,,,,,,,,,,,
RAMCOCEM,800,800,800,800,800,800,800,800,800,850,850,850,850,850,850,850,850,850,850,850,850,850,850,850,850,850,850,850,850,850,850,850,850,850,850,850,850,850,850,850,850,850,850,850,850,850,850,850,850,850,850,850,850,850,850,850,850,850,850,850,850,850,850,850,850,850,850,850,,,,,,,,,,,,,,,
RBLBANK,1200,1200,1200,1500,1500,1500,1500,1500,1500,2600,2600,2600,2600,2600,2600,2900,2900,2900,2900,2900,2900,2900,2900,2900,2900,2900,2900,2900,2900,2900,2900,2900,2900,5000,5000,5000,5000,5000,5000,5000,5000,5000,5000,5000,5000,5000,5000,5000,5000,2500,2500,2500,2500,2500,2500,2500,2500,2500,2500,2500,2500,2500,2500,2500,2500,2500,2500,2500,2500,3175,3175,3175,3175,3175,3175,3175,3175,3175,3175,3175,3175,3175,3175
RECLTD,6000,6000,6000,6000,6000,6000,6000,6000,6000,6000,6000,6000,6000,6000,6000,6000,6000,6000,6000,6000,6000,6000,6000,6000,6000,6000,6000,6000,6000,6000,6000,6000,6000,6000,8000,8000,8000,8000,8000,8000,8000,8000,8000,8000,8000,8000,8000,8000,8000,2000,2000,2000,2000,2000,2000,2000,2000,2000,2000,2000,2000,1000,1000,1000,1000,1000,1000,1000,1000,1275,1275,1275,1275,1275,1275,1400,1400,1400,1400,1400,1400,1575,1575
RELIANCE,500,500,500,500,500,500,500,505,505,505,505,505,505,505,505,250,250,250,250,250,250,250,250,250,250,250,250,250,250,250,250,250,250,250,250,250,250,250,250,250,250,250,250,250,250,250,250,250,250,250,250,250,250,250,250,250,250,250,250,250,500,500,500,500,500,500,500,500,500,500,500,500,500,500,500,500,500,500,500,500,500,500,500
RVNL,,,,,,,,,,,,,,,,,,,,,,,,,,,,,,,,,,,,,,,,,,,,,,,,,,,,,,,,,,,,,,,,,,,,,1375,1375,1375,1375,1375,1375,1375,1525,1525,1525,1525,1525,1525,1925,1925
SAIL,12000,12000,12000,15700,15700,15700,15700,15700,15700,19000,19000,19000,19000,19000,19000,19000,19000,19000,19000,9500,9500,9500,9500,9500,9500,4750,4750,4750,4750,4750,4750,4750,4750,6000,6000,6000,6000,6000,6000,8000,8000,8000,8000,8000,8000,8000,8000,8000,8000,8000,8000,8000,8000,8000,8000,4000,4000,4000,4000,4000,4000,4000,4000,4000,4000,4000,4000,4000,4000,4700,4700,4700,4700,4700,4700,4700,4700,4700,4700,4700,4700,4700,4700
SAMMAANCAP,,,,,,,,,,,,,,,,,,,,,,,,,,,,,,,,,,,,,,,,,,,,,,,,,,,,,,,,,,,,,,,,,,,,,,,,4300,4300,4300,4300,4300,4300,4300,4300,4300,4300,,
SBICARD,,,,,,,,,,,,,,,,,,,,,,,,,,500,500,500,500,500,500,500,500,800,800,800,800,800,800,800,800,800,800,800,800,800,800,800,800,800,800,800,800,800,800,800,800,800,800,800,800,800,800,800,800,800,800,800,800,800,800,800,800,800,800,800,800,800,800,800,800,800,800
SBILIFE,,,,,,,,750,750,750,750,750,750,750,750,750,750,750,750,750,750,750,750,750,750,750,750,750,750,750,750,750,750,750,750,750,750,750,750,750,750,750,750,750,750,750,750,750,750,750,750,750,750,750,750,375,375,375,375,375,375,375,375,375,375,375,375,375,375,375,375,375,375,375,375,375,375,375,375,375,375,375,375
SBIN,3000,3000,3000,3000,3000,3000,3000,3000,3000,3000,3000,3000,3000,3000,3000,3000,3000,3000,3000,1500,1500,1500,1500,1500,1500,1500,1500,1500,1500,1500,1500,1500,1500,1500,1500,1500,1500,1500,1500,1500,1500,1500,1500,1500,1500,1500,1500,1500,1500,1500,1500,1500,1500,1500,1500,750,750,750,750,750,750,750,750,750,750,750,750,750,750,750,750,750,750,750,750,750,750,750,750,750,750,750,750
SHREECEM,50,50,50,50,50,50,50,50,50,50,50,50,50,50,50,50,50,50,50,25,25,25,25,25,25,25,25,25,25,25,25,25,25,25,25,25,25,25,25,25,25,25,25,25,25,25,25,25,25,25,25,25,25,25,25,25,25,25,25,25,25,25,25,25,25,25,25,25,25,25,25,25,25,25,25,25,25,25,25,25,25,25,25
SHRIRAMFIN,,,,,,,,,,,,,,,,,,,,,,,,,,,,,,,,,,,,,,,600,600,600,600,600,600,600,600,600,600,600,300,300,300,300,300,300,300,300,300,300,300,300,150,150,750,750,750,750,750,750,825,825,825,825,825,825,825,825,825,825,825,825,825,825
SIEMENS,550,550,550,550,550,550,550,550,550,550,550,550,550,550,550,550,550,550,550,275,275,275,275,275,275,275,275,275,275,275,275,275,275,275,275,275,275,275,275,275,275,275,275,275,275,275,275,275,275,275,275,150,150,150,150,150,150,150,150,150,150,75,75,75,75,75,75,75,75,125,125,125,125,125,125,175,175,175,175,175,175,175,175
SJVN,,,,,,,,,,,,,,,,,,,,,,,,,,,,,,,,,,,,,,,,,,,,,,,,,,,,,,,,,,,,,,,4725,4725,4725,4725,4725,4725,4725,5875,5875,,,,,,,,,,,,
SOLARINDS,,,,,,,,,,,,,,,,,,,,,,,,,,,,,,,,,,,,,,,,,,,,,,,,,,,,,,,,,,,,,,,,,75,75,75,75,75,75,75,75,75,75,75,50,50,50,50,50,50,50,50
SONACOMS,,,,,,,,,,,,,,,,,,,,,,,,,,,,,,,,,,,,,,,,,,,,,,,,,,,,,,,,,,,,,,,775,775,775,775,775,775,775,1050,1050,1050,1050,1050,1050,1225,1225,1225,1225,1225,1225,1225,1225
SRF,250,250,250,250,250,250,250,250,250,250,250,250,250,125,125,125,125,125,125,125,125,125,125,125,625,625,625,375,375,375,375,375,375,375,375,375,375,375,375,375,375,375,375,375,375,375,375,375,375,375,375,375,375,375,375,375,375,375,375,375,375,375,375,375,375,375,375,375,375,200,200,200,200,200,200,200,200,200,200,200,200,200,200
SRTRANSFIN,600,600,600,600,600,600,600,600,600,667,667,667,667,667,667,800,800,800,800,400,400,400,400,400,400,400,400,400,400,400,400,400,400,600,600,600,600,600,600,600,600,,,,,,,,,,,,,,,,,,,,,,,,,,,,,,,,,,,,,,,,,,
STAR,1200,,,,,,,,,,,,,,,,,,,,,,675,675,675,675,675,900,900,900,900,900,900,,,,,,,,,,,,,,,,,,,,,,,,,,,,,,,,,,,,,,,,,,,,,,,,,,
SUNPHARMA,1100,1100,1100,1250,1250,1250,1250,1250,1250,1400,1400,1400,1400,1400,1400,1400,1400,1400,1400,1400,1400,1400,1400,1400,1400,700,700,700,700,700,700,700,700,700,700,700,700,700,700,700,700,700,700,700,700,700,700,700,700,700,700,700,700,700,700,350,350,350,350,350,350,350,350,350,350,350,350,350,350,350,350,350,350,350,350,350,350,350,350,350,350,350,350
SUNTV,1000,1000,1000,1200,1200,1200,1200,1200,1200,1500,1500,1500,1500,1500,1500,1500,1500,1500,1500,1500,1500,1500,1500,1500,1500,1500,1500,1500,1500,1500,1500,1500,1500,1500,1500,1500,1500,1500,1500,1500,1500,1500,1500,1500,1500,1500,1500,1500,1500,1500,1500,1500,1500,1500,1500,1500,1500,1500,1500,1500,1500,750,750,750,750,,,,,,,,,,,,,,,,,,
SUPREMEIND,,,,,,,,,,,,,,,,,,,,,,,,,,,,,,,,,,,,,,,,,,,,,,,,,,,,,,,,,,,,,,,125,125,125,125,125,125,125,175,175,175,175,175,175,175,175,175,175,175,175,175,175
SUZLON,,,,,,,,,,,,,,,,,,,,,,,,,,,,,,,,,,,,,,,,,,,,,,,,,,,,,,,,,,,,,,,,,,,,,,,8000,8000,8000,8000,8000,9025,9025,9025,9025,9025,9025,12700,12700
SWIGGY,,,,,,,,,,,,,,,,,,,,,,,,,,,,,,,,,,,,,,,,,,,,,,,,,,,,,,,,,,,,,,,,,,,,,,,,,,,,1300,1300,1300,1300,1300,1300,1825,1825
SYNGENE,,,,,,,,,,,,,,,,,,,,,,,,850,850,850,850,850,850,850,850,850,850,1000,1000,1000,1000,1000,1000,1000,1000,1000,1000,1000,1000,1000,1000,1000,1000,1000,1000,1000,1000,1000,1000,1000,1000,1000,1000,1000,1000,1000,1000,1000,1000,1000,1000,1000,1000,1000,1000,1000,1000,1000,1000,1000,1000,1000,,,,,
TATACHEM,900,900,900,900,900,900,900,900,900,2000,2000,2000,2000,2000,2000,2000,2000,2000,2000,1000,1000,1000,1000,1000,1000,1000,1000,1000,1000,1000,1000,1000,1000,1000,1000,1000,1000,500,500,500,500,500,500,500,500,550,550,550,550,550,550,550,550,550,550,550,550,550,550,550,550,550,550,550,550,550,550,550,550,650,650,650,,,,,,,,,,,
TATACOMM,,,,,,,,,,,,,,,,,,,,,,,,,,,,400,400,400,400,400,400,500,500,500,500,500,500,500,500,500,500,500,500,500,500,500,500,500,500,500,500,500,500,500,500,500,500,500,500,250,250,250,250,250,250,250,250,350,,,,,,,,,,,,,
TATACONSUM,,,,,2700,2700,2700,2700,2700,2700,2700,2700,2700,1350,1350,1350,1350,1350,1350,1350,1350,1350,1350,1350,1350,675,675,675,675,675,675,675,675,900,900,900,900,900,900,900,900,900,900,900,900,900,900,900,900,900,900,900,900,900,900,450,450,450,456,456,456,456,456,456,456,456,456,456,456,550,550,550,550,550,550,550,550,550,550,550,550,550,550
TATAELXSI,600,600,600,,,,,,,,,,,,,,,,,,,,,,,,,,,,,,,,,,,,,,,,,,,,,,,,,,,,,,,,,,,,100,100,100,100,100,100,100,100,100,100,100,100,100,100,100,100,100,100,100,125,125
TATAGLOBAL,2700,2700,2700,2700,2700,2700,2700,,,,,,,,,,,,,,,,,,,,,,,,,,,,,,,,,,,,,,,,,,,,,,,,,,,,,,,,,,,,,,,,,,,,,,,,,,,,
TATAMOTORS,3000,3000,3000,4300,4300,4300,4300,4300,4300,5700,5700,5700,5700,5700,5700,5700,5700,5700,5700,2850,2850,2850,2850,2850,2850,2850,2850,2850,2850,2850,2850,1425,1425,1425,1425,1425,1425,1425,1425,1425,1425,1425,1425,1425,1425,1425,1425,1425,1425,1425,1425,1425,1425,1425,1425,1425,1425,550,550,550,550,550,550,550,550,550,550,550,550,800,800,800,800,800,800,,,,,,,,
TATAMTRDVR,6000,6000,6000,9200,,,,,,,,,,,,,,,,,,,,,,,,,,,,,,,,,,,,,,,,,,,,,,,,,,,,,,,,,,,,,,,,,,,,,,,,,,,,,,,
TATAPOWER,9000,9000,9000,9000,9000,9000,9000,9000,9000,13500,13500,13500,13500,13500,13500,13500,13500,13500,13500,6750,6750,6750,6750,6750,6750,6750,6750,6750,6750,6750,6750,3375,3375,3375,3375,3375,3375,3375,3375,3375,3375,3375,3375,3375,3375,3375,3375,3375,3375,3375,3375,3375,3375,3375,3375,3375,3375,1350,1350,1350,1350,1350,1350,1350,1350,1350,1350,1350,1350,1450,1450,1450,1450,1450,1450,1450,1450,1450,1450,1450,1450,1450,1450
TATASTEEL,1061,1061,1061,1500,1500,1500,1500,1500,1500,1700,1700,1700,1700,1700,1700,1700,1700,1700,1700,850,850,850,850,850,850,425,425,425,425,425,425,425,425,4250,4250,4250,4250,4250,4250,5500,5500,5500,5500,5500,5500,5500,5500,5500,5500,5500,5500,5500,5500,5500,5500,5500,5500,5500,5500,5500,5500,5500,5500,5500,5500,5500,5500,5500,5500,5500,5500,5500,5500,5500,5500,5500,5500,5500,5500,2750,2750,2750,2750
TATATECH,,,,,,,,,,,,,,,,,,,,,,,,,,,,,,,,,,,,,,,,,,,,,,,,,,,,,,,,,,,,,,,,,,700,700,700,700,800,800,800,800,800,800,800,800,800,800,,,,
TCS,250,250,250,250,250,250,250,250,250,300,300,300,300,300,300,300,300,300,300,300,300,300,300,300,300,150,150,150,150,150,150,150,150,150,150,150,150,150,150,175,175,175,175,175,175,175,175,175,175,175,175,175,175,175,175,175,175,175,175,175,175,175,175,175,175,175,175,175,175,175,175,175,175,175,175,175,175,175,175,175,175,225,225
TECHM,1200,1200,1200,1200,1200,1200,1200,1200,1200,1200,1200,1200,1200,1200,1200,1200,1200,1200,1200,600,600,600,600,600,600,600,600,600,600,600,600,600,600,600,600,600,600,600,600,600,600,600,600,600,600,600,600,600,600,600,600,600,600,600,600,600,600,600,600,600,600,600,600,600,600,600,600,600,600,600,600,600,600,600,600,600,600,600,600,600,600,600,600
TIINDIA,,,,,,,,,,,,,,,,,,,,,,,,,,,,,,,,,,,,,,,,,,,,,,,,,,,,,,,,,,,,,,,150,150,150,150,150,150,150,200,200,200,200,200,200,200,200,200,200,200,200,200,200
TITAGARH,,,,,,,,,,,,,,,,,,,,,,,,,,,,,,,,,,,,,,,,,,,,,,,,,,,,,,,,,,,,,,,,,,625,625,625,625,725,725,725,725,725,725,,,,,,,,
TITAN,750,750,750,750,750,750,750,750,750,750,750,750,750,750,750,750,750,750,750,375,375,375,375,375,375,375,375,375,375,375,375,375,375,375,375,375,375,375,375,375,375,375,375,375,375,375,375,375,375,375,375,175,175,175,175,175,175,175,175,175,175,175,175,175,175,175,175,175,175,175,175,175,175,175,175,175,175,175,175,175,175,175,175
TMPV,,,,,,,,,,,,,,,,,,,,,,,,,,,,,,,,,,,,,,,,,,,,,,,,,,,,,,,,,,,,,,,,,,,,,,,,,800,800,800,800,800,800,800,800,800,1600,1600
TORNTPHARM,500,500,500,500,500,500,500,500,500,500,500,500,500,250,250,250,250,250,250,250,250,250,250,250,250,250,250,250,250,250,250,250,250,500,500,500,500,500,500,500,500,500,500,500,500,500,500,500,500,500,500,500,500,500,500,250,250,250,250,250,250,250,250,250,250,250,250,250,250,250,250,250,250,250,250,250,250,250,250,125,125,125,125
TORNTPOWER,3000,3000,3000,3000,3000,3000,3000,3000,3000,3000,3000,3000,3000,3000,3000,3000,3000,3000,3000,1500,1500,1500,1500,1500,1500,1500,1500,1500,1500,1500,1500,1500,1500,1500,1500,1500,1500,1500,1500,1500,1500,1500,,,,,,,,,,,,,,,,,,,,,,,375,375,375,375,375,375,375,375,375,375,375,425,425,425,425,,,,
TRENT,,,,,,,,,,,,,,,,,,725,725,725,725,725,725,725,725,725,725,725,725,725,725,725,725,725,725,725,725,725,725,400,400,400,400,400,400,400,400,400,400,400,400,400,400,400,400,200,200,200,200,200,200,100,100,100,100,100,100,100,100,100,100,100,100,100,100,100,100,100,100,100,150,225,225
TVSMOTOR,1100,1100,1100,1350,1350,1350,1350,1350,1350,1400,1400,1400,1400,1400,1400,1400,1400,1400,1400,1400,1400,1400,1400,1400,1400,1400,1400,1400,1400,1400,1400,1400,1400,1400,1400,1400,1400,700,700,700,700,700,700,700,700,700,700,700,700,350,350,350,350,350,350,350,350,350,350,350,350,350,350,350,350,350,350,350,350,350,350,350,350,175,175,175,175,175,175,175,175,175,175
UBL,700,700,700,700,700,700,700,700,700,700,700,700,700,700,700,700,700,700,700,700,700,700,700,700,700,350,350,350,350,350,350,350,350,400,400,400,400,400,400,400,400,400,400,400,400,400,400,400,400,400,400,400,400,400,400,400,400,400,400,400,400,400,400,400,400,,,,,,,,,,,,,,,,,,
UJJIVAN,1600,1600,1600,1700,1700,1700,1700,1700,1700,2200,2200,,,,,,,,,,,,,,,,,,,,,,,,,,,,,,,,,,,,,,,,,,,,,,,,,,,,,,,,,,,,,,,,,,,,,,,,
ULTRACEMCO,200,200,200,200,200,200,200,200,200,200,200,200,200,200,200,200,200,200,200,100,100,100,100,100,100,100,100,100,100,100,100,100,100,100,100,100,100,100,100,100,100,100,100,100,100,100,100,100,100,100,100,100,100,100,100,100,100,100,100,100,100,50,50,50,50,50,50,50,50,50,50,50,50,50,50,50,50,50,50,50,50,50,50
UNIONBANK,7000,7000,7000,,,,,,,,,,,,,,,,,,,,,,,,,,,,,,,,,,,,,,,,,,,,,,,,,,,,,,,,,,,,4425,4425,4425,4425,4425,4425,4425,4425,4425,4425,4425,4425,4425,4425,4425,4425,4425,4425,4425,4425,4425
UNITDSPR,,,,,,,,,,,,,,,,,,,,,,,,,,,,,,,,,,,,,,,,,,,,,,,,,,,,,,,,,700,700,700,700,700,350,350,350,350,350,350,350,350,400,400,400,400,400,400,400,400,400,400,400,400,400,400
UNOMINDA,,,,,,,,,,,,,,,,,,,,,,,,,,,,,,,,,,,,,,,,,,,,,,,,,,,,,,,,,,,,,,,,,,,,,550,550,550,550,550,550,550,550,550,550,550,550,550,550,550
UPL,900,900,900,900,900,900,900,900,900,1300,1300,1300,1300,1300,1300,1300,1300,1300,1300,1300,1300,1300,1300,1300,1300,1300,1300,1300,1300,1300,1300,1300,1300,1300,1300,1300,1300,1300,1300,1300,1300,1300,1300,1300,1300,1300,1300,1300,1300,1300,1300,1300,1300,1300,1300,1300,1300,1300,1300,1300,1300,1355,1355,1355,1355,1355,1355,1355,1355,1355,1355,1355,1355,1355,1355,1355,1355,1355,1355,1355,1355,1355,1355
VBL,,,,,,,,,,,,,,,,,,,,,,,,,,,,,,,,,,,,,,,,,,,,,,,,,,,,,,,,,,,,,,,875,875,875,875,875,875,875,1025,1025,1025,1025,1025,1025,1125,1125,1125,1125,1125,1125,1275,1275
VEDL,3000,3000,3000,3500,3500,3500,3500,3500,3500,6200,6200,6200,6200,6200,6200,6200,6200,6200,6200,3100,3100,3100,3100,3100,3100,3100,3100,3100,3100,3100,3100,1550,1550,1550,1550,1550,1550,1550,1550,2000,2000,2000,2000,2000,2000,2000,2000,2000,2000,2000,2000,2300,2300,2300,2300,2300,2300,2300,2300,2300,2300,1150,1150,1150,1150,1150,1150,1150,1150,1150,1150,1150,1150,1150,1150,1150,1150,1150,1150,1150,1150,1150,1150
VMM,,,,,,,,,,,,,,,,,,,,,,,,,,,,,,,,,,,,,,,,,,,,,,,,,,,,,,,,,,,,,,,,,,,,,,,,,,,,,,,4850,4850,4850,4850,4850
VOLTAS,1000,1000,1000,1000,1000,1000,1000,1000,1000,1000,1000,1000,1000,1000,1000,1000,1000,1000,1000,500,500,500,500,500,500,500,500,500,500,500,500,500,500,500,500,500,500,500,500,600,600,600,600,600,600,600,600,600,600,600,600,600,600,600,600,600,600,600,600,600,600,300,300,300,300,300,300,300,300,375,375,375,375,375,375,375,375,375,375,375,375,375,375
WAAREEENER,,,,,,,,,,,,,,,,,,,,,,,,,,,,,,,,,,,,,,,,,,,,,,,,,,,,,,,,,,,,,,,,,,,,,,,,,,,,175,175,175,175,175,175,175,175
WHIRLPOOL,,,,,,,,,,,,,,,,,,,,,,,,,,250,250,250,250,250,250,250,250,350,350,350,350,350,350,350,350,350,350,350,,,,,,,,,,,,,,,,,,,,,,,,,,,,,,,,,,,,,,,
WIPRO,3200,3200,3200,3200,3200,3200,3200,3200,3200,3200,3200,3200,3200,3200,3200,3200,3200,3200,3200,1600,1600,1600,1600,1600,1600,800,800,800,800,800,800,800,800,1000,1000,1000,1000,1000,1000,1500,1500,1500,1500,1500,1500,1500,1500,1500,1500,1500,1500,1500,1500,1500,1500,1500,1500,1500,1500,1500,1500,1500,3000,3000,3000,3000,3000,3000,3000,3000,3000,3000,3000,3000,3000,3000,3000,3000,3000,3000,3000,3000,3000
YESBANK,2200,2200,2200,8800,8800,8800,8800,8800,,,,,,,,,,,,,,,,,,,,,,,,,,,,,,,,,,,,,,,,,,,,,,,,,,,,,,,26000,26000,26000,26000,26000,26000,26000,31100,31100,31100,31100,31100,31100,31100,31100,31100,31100,31100,31100,31100,31100
ZEEL,1300,1300,1300,1700,1700,1700,1700,1700,1700,3000,3000,3000,3000,3000,3000,3000,3000,3000,3000,3000,3000,3000,3000,3000,3000,3000,3000,3000,3000,3000,3000,3000,3000,3000,3000,3000,3000,3000,3000,3000,3000,3000,3000,3000,3000,3000,3000,3000,3000,3000,3000,3000,3000,3000,3000,3000,3000,,,,,,,,,,,,,,,,,,,,,,,,,,
ZOMATO,,,,,,,,,,,,,,,,,,,,,,,,,,,,,,,,,,,,,,,,,,,,,,,,,,,,,,,,,,,,,,,2000,2000,2000,2000,2000,2000,2000,,,,,,,,,,,,,,
ZYDUSLIFE,,,,,,,,,,,,,,,,,,,,,,,,,,,,,,1100,1100,1100,1100,1800,1800,1800,1800,1800,1800,1800,1800,1800,1800,1800,1800,1800,1800,1800,1800,900,900,900,900,900,900,900,900,900,900,900,900,900,900,900,900,900,900,900,900,900,900,900,900,900,900,900,900,900,900,900,900,900,900
