symbol,company,isin,bhavcopy_symbols,first_date_in_index,last_date_in_index,trading_days_in_index,in_index_periods,currently_in_nifty50
ADANIENT,Adani Enterprises Ltd.,INE423A01024,ADANIENT,2022-09-30,2026-09-16,976,2022-09-30..2026-09-16,True
ADANIPORTS,Adani Ports and Special Economic Zone Ltd.,INE742F01042,ADANIPORTS,2016-01-01,2026-09-16,2643,2016-01-01..2026-09-16,True
APOLLOHOSP,Apollo Hospitals Enterprise Ltd.,INE437A01024,APOLLOHOSP,2022-03-31,2026-09-16,1101,2022-03-31..2026-09-16,True
ASIANPAINT,Asian Paints Ltd.,INE021A01026,ASIANPAINT,2016-01-01,2026-09-16,2643,2016-01-01..2026-09-16,True
AXISBANK,Axis Bank Ltd.,INE238A01034,AXISBANK,2016-01-01,2026-09-16,2643,2016-01-01..2026-09-16,True
BAJAJ-AUTO,Bajaj Auto Ltd.,INE917I01010,BAJAJ-AUTO,2016-01-01,2026-09-16,2643,2016-01-01..2026-09-16,True
BAJAJFINSV,Bajaj Finserv Ltd.,INE918I01026,BAJAJFINSV,2018-04-02,2026-09-16,2089,2018-04-02..2026-09-16,True
BAJFINANCE,Bajaj Finance Ltd.,INE296A01032,BAJFINANCE,2017-09-29,2026-09-16,2212,2017-09-29..2026-09-16,True
BEL,Bharat Electronics Ltd.,INE263A01024,BEL,2024-09-30,2026-09-16,485,2024-09-30..2026-09-16,True
BHARTIARTL,Bharti Airtel Ltd.,INE397D01024,BHARTIARTL,2016-01-01,2026-09-16,2643,2016-01-01..2026-09-16,True
CIPLA,Cipla Ltd.,INE059A01026,CIPLA,2016-01-01,2026-09-16,2643,2016-01-01..2026-09-16,True
COALINDIA,Coal India Ltd.,INE522F01014,COALINDIA,2016-01-01,2026-09-16,2643,2016-01-01..2026-09-16,True
DRREDDY,Dr. Reddy's Laboratories Ltd.,INE089A01031,DRREDDY,2016-01-01,2026-09-16,2643,2016-01-01..2026-09-16,True
EICHERMOT,Eicher Motors Ltd.,INE066A01021,EICHERMOT,2016-04-01,2026-09-16,2582,2016-04-01..2026-09-16,True
ETERNAL,Eternal Ltd.,INE758T01015,ZOMATO ETERNAL,2025-03-28,2026-09-16,362,2025-03-28..2026-09-16,True
GRASIM,Grasim Industries Ltd.,INE047A01021,GRASIM,2016-01-01,2026-09-16,2433,2016-01-01..2017-05-25; 2018-04-02..2026-09-16,True
HCLTECH,HCL Technologies Ltd.,INE860A01027,HCLTECH,2016-01-01,2026-09-16,2643,2016-01-01..2026-09-16,True
HDFCBANK,HDFC Bank Ltd.,INE040A01034,HDFCBANK,2016-01-01,2026-09-16,2643,2016-01-01..2026-09-16,True
HDFCLIFE,HDFC Life Insurance Company Ltd.,INE795G01014,HDFCLIFE,2020-07-31,2026-09-16,1515,2020-07-31..2026-09-16,True
HINDALCO,Hindalco Industries Ltd.,INE038A01020,HINDALCO,2016-01-01,2026-09-16,2643,2016-01-01..2026-09-16,True
HINDUNILVR,Hindustan Unilever Ltd.,INE030A01027,HINDUNILVR,2016-01-01,2026-09-16,2643,2016-01-01..2026-09-16,True
ICICIBANK,ICICI Bank Ltd.,INE090A01021,ICICIBANK,2016-01-01,2026-09-16,2643,2016-01-01..2026-09-16,True
INDIGO,InterGlobe Aviation Ltd.,INE646L01027,INDIGO,2025-09-30,2026-09-16,237,2025-09-30..2026-09-16,True
INFY,Infosys Ltd.,INE009A01021,INFY,2016-01-01,2026-09-16,2643,2016-01-01..2026-09-16,True
ITC,ITC Ltd.,INE154A01025,ITC,2016-01-01,2026-09-16,2643,2016-01-01..2026-09-16,True
JIOFIN,Jio Financial Services Ltd.,INE758E01017,JIOFIN,2025-03-28,2026-09-16,362,2025-03-28..2026-09-16,True
JSWSTEEL,JSW Steel Ltd.,INE019A01038,JSWSTEEL,2018-09-28,2026-09-16,1965,2018-09-28..2026-09-16,True
KOTAKBANK,Kotak Mahindra Bank Ltd.,INE237A01036,KOTAKBANK,2016-01-01,2026-09-16,2643,2016-01-01..2026-09-16,True
LT,Larsen & Toubro Ltd.,INE018A01030,LT,2016-01-01,2026-09-16,2643,2016-01-01..2026-09-16,True
M&M,Mahindra & Mahindra Ltd.,INE101A01026,M&M,2016-01-01,2026-09-16,2643,2016-01-01..2026-09-16,True
MARUTI,Maruti Suzuki India Ltd.,INE585B01010,MARUTI,2016-01-01,2026-09-16,2643,2016-01-01..2026-09-16,True
MAXHEALTH,Max Healthcare Institute Ltd.,INE027H01010,MAXHEALTH,2025-09-30,2026-09-16,237,2025-09-30..2026-09-16,True
NESTLEIND,Nestle India Ltd.,INE239A01024,NESTLEIND,2019-09-27,2026-09-16,1721,2019-09-27..2026-09-16,True
NTPC,NTPC Ltd.,INE733E01010,NTPC,2016-01-01,2026-09-16,2643,2016-01-01..2026-09-16,True
ONGC,Oil & Natural Gas Corporation Ltd.,INE213A01029,ONGC,2016-01-01,2026-09-16,2643,2016-01-01..2026-09-16,True
POWERGRID,Power Grid Corporation of India Ltd.,INE752E01010,POWERGRID,2016-01-01,2026-09-16,2643,2016-01-01..2026-09-16,True
RELIANCE,Reliance Industries Ltd.,INE002A01018,RELIANCE,2016-01-01,2026-09-16,2643,2016-01-01..2026-09-16,True
SBILIFE,SBI Life Insurance Company Ltd.,INE123W01016,SBILIFE,2020-09-25,2026-09-16,1475,2020-09-25..2026-09-16,True
SBIN,State Bank of India,INE062A01020,SBIN,2016-01-01,2026-09-16,2643,2016-01-01..2026-09-16,True
SHRIRAMFIN,Shriram Finance Ltd.,INE721A01047,SHRIRAMFIN,2024-03-28,2026-09-16,609,2024-03-28..2026-09-16,True
SUNPHARMA,Sun Pharmaceutical Industries Ltd.,INE044A01036,SUNPHARMA,2016-01-01,2026-09-16,2643,2016-01-01..2026-09-16,True
TATACONSUM,Tata Consumer Products Ltd.,INE192A01025,TATACONSUM,2021-03-31,2026-09-16,1349,2021-03-31..2026-09-16,True
TATASTEEL,Tata Steel Ltd.,INE081A01020,TATASTEEL,2016-01-01,2026-09-16,2643,2016-01-01..2026-09-16,True
TCS,Tata Consultancy Services Ltd.,INE467B01029,TCS,2016-01-01,2026-09-16,2643,2016-01-01..2026-09-16,True
TECHM,Tech Mahindra Ltd.,INE669C01036,TECHM,2016-01-01,2026-09-16,2643,2016-01-01..2026-09-16,True
TITAN,Titan Company Ltd.,INE280A01028,TITAN,2018-04-02,2026-09-16,2089,2018-04-02..2026-09-16,True
TMPV,Tata Motors Passenger Vehicles Ltd.,INE155A01022,TATAMOTORS TMPV,2016-01-01,2026-09-16,2643,2016-01-01..2026-09-16,True
TRENT,Trent Ltd.,INE849A01020,TRENT,2024-09-30,2026-09-16,485,2024-09-30..2026-09-16,True
ULTRACEMCO,UltraTech Cement Ltd.,INE481G01011,ULTRACEMCO,2016-01-01,2026-09-16,2643,2016-01-01..2026-09-16,True
WIPRO,Wipro Ltd.,INE075A01022,WIPRO,2016-01-01,2026-09-16,2643,2016-01-01..2026-09-16,True
ACC,Acc Limited,INE012A01025,ACC,2016-01-01,2017-09-28,431,2016-01-01..2017-09-28,False
AMBUJACEM,Ambuja Cements Ltd,INE079A01024,AMBUJACEM,2016-01-01,2018-03-28,554,2016-01-01..2018-03-28,False
AUROPHARMA,Aurobindo Pharma Ltd,INE406A01037,AUROPHARMA,2016-04-01,2018-03-28,493,2016-04-01..2018-03-28,False
BANKBARODA,Bank Of Baroda,INE028A01039,BANKBARODA,2016-01-01,2017-09-28,431,2016-01-01..2017-09-28,False
BHEL,Bhel,INE257A01026,BHEL,2016-01-01,2017-03-30,307,2016-01-01..2017-03-30,False
BOSCHLTD,Bosch Limited,INE323A01026,BOSCHLTD,2016-01-01,2018-03-28,554,2016-01-01..2018-03-28,False
BPCL,Bharat Petroleum Corp  Lt,INE029A01011,BPCL,2016-01-01,2025-03-27,2281,2016-01-01..2025-03-27,False
BRITANNIA,Britannia Industries Ltd,INE216A01030,BRITANNIA,2019-03-29,2025-03-27,1480,2019-03-29..2025-03-27,False
CAIRN,,INE910H01017,CAIRN,2016-01-01,2016-03-31,61,2016-01-01..2016-03-31,False
DIVISLAB,Divi S Laboratories Ltd,INE361B01024,DIVISLAB,2020-09-25,2024-09-27,990,2020-09-25..2024-09-27,False
GAIL,Gail (India) Ltd,INE129A01019,GAIL,2016-01-01,2021-03-30,1294,2016-01-01..2021-03-30,False
HDFC,Housing Development Finance Corporation Ltd.,INE001A01036,HDFC,2016-01-01,2023-07-12,1860,2016-01-01..2023-07-12,False
HEROMOTOCO,Hero Motocorp Limited,INE158A01026,HEROMOTOCO,2016-01-01,2025-09-29,2406,2016-01-01..2025-09-29,False
HINDPETRO,Hindustan Petroleum Corp,INE094A01015,HINDPETRO,2017-09-29,2019-03-28,370,2017-09-29..2019-03-28,False
IBULHSGFIN,Sammaan Capital Limited,INE148I01020,IBULHSGFIN,2017-03-31,2019-09-26,615,2017-03-31..2019-09-26,False
IDEA,Vodafone Idea Limited,INE669E01016,IDEA,2016-01-01,2017-03-30,307,2016-01-01..2017-03-30,False
INDUSINDBK,Indusind Bank Limited,INE095A01012,INDUSINDBK,2016-01-01,2025-09-29,2406,2016-01-01..2025-09-29,False
INFRATEL,Bharti Infratel Ltd.,INE121J01017,INFRATEL,2016-04-01,2020-09-24,1107,2016-04-01..2020-09-24,False
IOC,Indian Oil Corp Ltd,INE242A01010,IOC,2017-03-31,2022-03-30,1235,2017-03-31..2022-03-30,False
LTIM,LTIMindtree Ltd.,INE214T01019,LTIM,2023-07-13,2024-09-27,298,2023-07-13..2024-09-27,False
LUPIN,Lupin Limited,INE326A01037,LUPIN,2016-01-01,2018-09-27,678,2016-01-01..2018-09-27,False
PNB,Punjab National Bank,INE160A01022,PNB,2016-01-01,2016-03-31,61,2016-01-01..2016-03-31,False
SHREECEM,Shree Cement Limited,INE070A01015,SHREECEM,2020-03-19,2022-09-29,629,2020-03-19..2022-09-29,False
TATAMTRDVR,,IN9155A01020,TATAMTRDVR,2016-04-01,2017-09-28,370,2016-04-01..2017-09-28,False
TATAPOWER,Tata Power Co Ltd,INE245A01021,TATAPOWER,2016-01-01,2017-09-28,431,2016-01-01..2017-09-28,False
UPL,Upl Limited,INE628A01036,UPL,2017-09-29,2024-03-27,1603,2017-09-29..2024-03-27,False
VEDL,Vedanta Limited,INE205A01025,VEDL,2016-01-01,2020-07-30,845,2016-01-01..2016-03-31; 2017-05-26..2020-07-30,False
YESBANK,Yes Bank Limited,INE528G01035,YESBANK,2016-01-01,2020-03-18,1038,2016-01-01..2020-03-18,False
ZEEL,Zee Entertainment Ent Ltd,INE256A01028,ZEEL,2016-01-01,2020-09-24,1168,2016-01-01..2020-09-24,False
