decision_date,ranking_date,selected,n_selected
2019-12-31,2019-12-26,"TATASTEEL,JSWSTEEL,VEDL,ONGC,HINDALCO,ASIANPAINT,BAJFINANCE,COALINDIA,NTPC,TCS,INDUSINDBK,BAJAJFINSV,HEROMOTOCO,TATAMOTORS,CIPLA,ICICIBANK,NESTLEIND,WIPRO",18
2020-02-03,2020-01-30,"DRREDDY,BAJFINANCE,LT,HCLTECH,BAJAJ-AUTO,BRITANNIA,NESTLEIND,HEROMOTOCO,INFY,TECHM",10
2020-02-28,2020-02-27,"HINDUNILVR,BRITANNIA,TITAN,AXISBANK,BAJFINANCE",5
2020-03-26,2020-03-26,"HINDUNILVR,NESTLEIND,KOTAKBANK,BHARTIARTL,INFY,BRITANNIA,DRREDDY",7
2020-04-30,2020-04-30,"TATAMOTORS,VEDL,UPL,HINDALCO,HCLTECH,ONGC,HEROMOTOCO,JSWSTEEL,GAIL,TCS,RELIANCE,INFY,BAJAJ-AUTO,M&M,COALINDIA,ADANIPORTS,TATASTEEL,BPCL,HDFCBANK,BHARTIARTL",20
2020-05-28,2020-05-28,"EICHERMOT,HINDALCO,HEROMOTOCO,GRASIM,M&M,ADANIPORTS,MARUTI,SHREECEM,LT,HDFCBANK,ULTRACEMCO,BRITANNIA,ITC,TATASTEEL,HCLTECH,VEDL,JSWSTEEL,WIPRO,TATAMOTORS,UPL",20
2020-06-26,2020-06-25,"BAJFINANCE,ITC,HEROMOTOCO,VEDL,BAJAJFINSV,GAIL,EICHERMOT,KOTAKBANK,RELIANCE,HDFCBANK,M&M,POWERGRID,UPL,HINDUNILVR,TATAMOTORS,SBIN,LT,NESTLEIND,BAJAJ-AUTO,BRITANNIA",20
2020-07-30,2020-07-30,"DRREDDY,WIPRO,INFY,SUNPHARMA,TECHM,HCLTECH,EICHERMOT,RELIANCE,TATASTEEL,ULTRACEMCO,CIPLA,MARUTI,JSWSTEEL,VEDL,M&M,UPL,TCS,TITAN,BRITANNIA,KOTAKBANK",20
2020-08-31,2020-08-27,"TATAMOTORS,INDUSINDBK,JSWSTEEL,SBIN,HEROMOTOCO,AXISBANK,ASIANPAINT,GRASIM,M&M,NTPC,MARUTI,BAJFINANCE,ICICIBANK,HINDALCO,TECHM,TATASTEEL,KOTAKBANK,EICHERMOT,SUNPHARMA,TITAN",20
2020-09-28,2020-09-24,DRREDDY,1
2020-10-30,2020-10-29,"KOTAKBANK,ASIANPAINT,IOC,SHREECEM,BHARTIARTL,ULTRACEMCO,NESTLEIND,POWERGRID,HDFCLIFE,JSWSTEEL,AXISBANK,WIPRO,TATASTEEL,BAJFINANCE",14
2020-11-27,2020-11-26,"TATASTEEL,BAJAJFINSV,BAJFINANCE,HINDALCO,JSWSTEEL,TATAMOTORS,GAIL,ADANIPORTS,INDUSINDBK,ONGC,M&M,GRASIM,KOTAKBANK,SBIN,POWERGRID,SHREECEM,HDFCBANK,ITC,AXISBANK,DIVISLAB",20
2020-12-31,2020-12-31,"ASIANPAINT,TITAN,HCLTECH,TATASTEEL,INFY,ICICIBANK,JSWSTEEL,BAJFINANCE,WIPRO,GAIL,TECHM,DIVISLAB,LT,SUNPHARMA,ULTRACEMCO,SBILIFE,UPL,HDFCLIFE,TATAMOTORS,ADANIPORTS",20
2021-02-01,2021-01-28,"BAJAJ-AUTO,TATAMOTORS,GRASIM,UPL,AXISBANK,HEROMOTOCO,CIPLA,BHARTIARTL",8
2021-03-01,2021-02-25,"HINDALCO,COALINDIA,ADANIPORTS,ONGC,BPCL,UPL,GAIL,INDUSINDBK,NTPC,TATAMOTORS,TATASTEEL,RELIANCE,SBIN,IOC,GRASIM,AXISBANK,ULTRACEMCO,HDFCLIFE,JSWSTEEL,POWERGRID",20
2021-03-30,2021-03-25,"JSWSTEEL,TATASTEEL",2
2021-05-03,2021-04-29,"JSWSTEEL,TATASTEEL,BAJAJFINSV,BAJFINANCE,ICICIBANK,WIPRO,INDUSINDBK,HINDALCO,AXISBANK,DIVISLAB,DRREDDY,POWERGRID,RELIANCE,SUNPHARMA,ASIANPAINT,HINDUNILVR,UPL,HDFCBANK,SBILIFE,BAJAJ-AUTO",20
2021-05-28,2021-05-27,"UPL,SBIN,ASIANPAINT,BAJAJFINSV,IOC,BAJAJ-AUTO,WIPRO,TITAN,INDUSINDBK,LT,AXISBANK,TECHM,ICICIBANK,NESTLEIND,INFY,HEROMOTOCO,M&M,SHREECEM,ULTRACEMCO,CIPLA",20
2021-06-25,2021-06-24,"INFY,MARUTI,TATACONSUM,BAJAJFINSV,TCS,TITAN,TECHM,HDFCLIFE,ULTRACEMCO,ASIANPAINT,HINDUNILVR,NTPC,BRITANNIA,LT,BAJAJ-AUTO,HDFCBANK,HCLTECH,UPL,SBILIFE,BAJFINANCE",20
2021-07-30,2021-07-29,"TATASTEEL,HINDALCO,BAJAJFINSV,JSWSTEEL,SBIN,ULTRACEMCO,SBILIFE,BAJFINANCE,BHARTIARTL,ICICIBANK,SUNPHARMA,INFY,WIPRO,TECHM,HCLTECH,DIVISLAB,LT,TITAN",18
2021-08-27,2021-08-26,"BRITANNIA,BAJAJFINSV,TECHM,BAJFINANCE,TATACONSUM,NESTLEIND,HCLTECH,HINDUNILVR,TCS,RELIANCE,HDFCLIFE,BPCL,ADANIPORTS,SBILIFE,HDFCBANK,WIPRO,ICICIBANK,INFY,IOC,M&M",20
2021-10-01,2021-09-30,"NTPC,COALINDIA,ONGC,IOC,TATAMOTORS,SUNPHARMA,POWERGRID,TITAN,GRASIM,BAJAJFINSV,HINDALCO,MARUTI,BAJFINANCE,RELIANCE,M&M,CIPLA,SBIN,ITC,HCLTECH,KOTAKBANK",20
2021-10-29,2021-10-28,"TATAMOTORS,ICICIBANK,LT,ULTRACEMCO,TECHM,SBIN,UPL",7
2021-11-26,2021-11-25,"POWERGRID,BHARTIARTL,ADANIPORTS,RELIANCE,ONGC,TECHM,TATAMOTORS",7
2021-12-31,2021-12-30,"HCLTECH,TECHM,WIPRO,SUNPHARMA,CIPLA,DRREDDY,TITAN,INFY,TCS,SBILIFE,ASIANPAINT,EICHERMOT,NTPC,BRITANNIA,DIVISLAB,LT,HINDUNILVR",17
2022-01-28,2022-01-27,"MARUTI,AXISBANK,SBIN,BAJAJ-AUTO,IOC,CIPLA,ONGC,HEROMOTOCO,POWERGRID,KOTAKBANK,COALINDIA,NTPC,INDUSINDBK,HINDALCO",14
2022-02-25,2022-02-24,,0
2022-04-01,2022-03-31,"BHARTIARTL,JSWSTEEL,TATACONSUM,ADANIPORTS,M&M,RELIANCE,GRASIM,AXISBANK,BAJFINANCE,BAJAJFINSV,POWERGRID,INFY,ULTRACEMCO,ITC,ICICIBANK,SBILIFE,BAJAJ-AUTO,DRREDDY,SUNPHARMA,TCS",20
2022-04-29,2022-04-28,"HEROMOTOCO,HINDUNILVR,ADANIPORTS,NTPC,HDFCLIFE,RELIANCE,ASIANPAINT,POWERGRID,M&M,EICHERMOT,UPL,INDUSINDBK,MARUTI,SHREECEM,ITC,DIVISLAB,COALINDIA,BAJAJ-AUTO,TATACONSUM,SBIN",20
2022-05-27,2022-05-26,"BRITANNIA,HEROMOTOCO,BAJAJ-AUTO,HDFCLIFE,KOTAKBANK,EICHERMOT,NESTLEIND,HDFCBANK,ICICIBANK,DRREDDY,MARUTI,NTPC,SBILIFE,M&M,TATAMOTORS,SBIN,HINDUNILVR,COALINDIA,AXISBANK",19
2022-06-30,2022-06-30,"M&M,MARUTI,HEROMOTOCO,ONGC,SBIN,DRREDDY,BHARTIARTL,ITC",8
2022-07-28,2022-07-28,"BAJAJFINSV,BAJFINANCE,INDUSINDBK,ASIANPAINT,TATASTEEL,SBIN,GRASIM,HINDALCO,LT,JSWSTEEL,SBILIFE,ULTRACEMCO,ICICIBANK,TITAN,AXISBANK,KOTAKBANK,APOLLOHOSP,HINDUNILVR,NESTLEIND,ADANIPORTS",20
2022-08-26,2022-08-25,"EICHERMOT,COALINDIA,BAJAJFINSV,HINDALCO,GRASIM,SHREECEM,INDUSINDBK,BHARTIARTL,ICICIBANK,SBILIFE,HDFCLIFE,TITAN,M&M,BAJAJ-AUTO,LT,ONGC",16
2022-09-30,2022-09-29,"CIPLA,DRREDDY,SUNPHARMA,BRITANNIA,EICHERMOT,HINDUNILVR,NESTLEIND,APOLLOHOSP,ITC",9
2022-10-27,2022-10-27,"AXISBANK,JSWSTEEL,SUNPHARMA,SBIN,POWERGRID,BHARTIARTL,HCLTECH,NTPC,HINDALCO,CIPLA,DRREDDY,LT,TECHM,MARUTI,COALINDIA,TATASTEEL,ICICIBANK,INFY,EICHERMOT,NESTLEIND",20
2022-11-28,2022-11-24,"APOLLOHOSP,HDFCLIFE,INFY,HCLTECH,BPCL,HDFCBANK,JSWSTEEL,TCS,BRITANNIA,TATACONSUM,UPL,SUNPHARMA,LT,ICICIBANK,SBIN,HINDALCO,WIPRO,AXISBANK,TECHM,BHARTIARTL",20
2023-01-02,2022-12-29,"HINDALCO,JSWSTEEL,SBIN,TATASTEEL,AXISBANK,INDUSINDBK,EICHERMOT,SBILIFE,HDFCBANK,ONGC,BHARTIARTL,GRASIM,ICICIBANK,M&M",14
2023-01-31,2023-01-25,"BAJAJ-AUTO,MARUTI,ONGC,BRITANNIA,TCS,HCLTECH,TATAMOTORS,COALINDIA,ITC,TATASTEEL,HEROMOTOCO,SUNPHARMA,EICHERMOT,HINDUNILVR,HINDALCO,M&M",16
2023-02-24,2023-02-23,"TECHM,ITC,ONGC,NTPC",4
2023-03-31,2023-03-29,"ULTRACEMCO,DRREDDY,TITAN,HINDUNILVR,GRASIM,SUNPHARMA,HDFCLIFE,NESTLEIND,KOTAKBANK,NTPC,INDUSINDBK,BAJAJ-AUTO,JSWSTEEL,APOLLOHOSP,DIVISLAB,AXISBANK,ITC,ADANIPORTS,ADANIENT,HDFCBANK",20
2023-04-27,2023-04-27,"BAJAJ-AUTO,NESTLEIND,TATACONSUM,BAJFINANCE,TATAMOTORS,BPCL,ITC,DIVISLAB,KOTAKBANK,EICHERMOT,SBIN,LT,TITAN,JSWSTEEL,INDUSINDBK,DRREDDY,BHARTIARTL,ICICIBANK,COALINDIA,BAJAJFINSV",20
2023-05-25,2023-05-25,"ADANIENT,DIVISLAB,EICHERMOT,ITC,BAJAJ-AUTO,BHARTIARTL,ADANIPORTS,INDUSINDBK,BAJFINANCE,HDFCLIFE,HEROMOTOCO,TECHM,M&M,HCLTECH,CIPLA,MARUTI,ASIANPAINT,AXISBANK,INFY,SBILIFE",20
2023-06-30,2023-06-28,"HDFCLIFE,DRREDDY,JSWSTEEL,ADANIPORTS,TATAMOTORS,SUNPHARMA,TITAN,BHARTIARTL,INDUSINDBK,SBILIFE,ADANIENT,LT,BAJAJ-AUTO,HDFCBANK,ASIANPAINT,POWERGRID,NTPC,ULTRACEMCO,AXISBANK,APOLLOHOSP",20
2023-07-28,2023-07-27,"CIPLA,SUNPHARMA,LT,DRREDDY,TATAMOTORS,NTPC,TATASTEEL,HINDALCO,HEROMOTOCO,DIVISLAB,SBIN,ICICIBANK,HDFCLIFE,BHARTIARTL,ADANIPORTS,INDUSINDBK,ONGC,APOLLOHOSP,POWERGRID,GRASIM",20
2023-09-01,2023-08-31,"MARUTI,CIPLA,TATASTEEL,TITAN,HDFCLIFE,HINDALCO,INFY,M&M,ULTRACEMCO,LT,HCLTECH",11
2023-09-29,2023-09-28,"COALINDIA,LT,BHARTIARTL,AXISBANK,ONGC,POWERGRID,BAJFINANCE,NTPC,MARUTI,BAJAJ-AUTO",10
2023-10-27,2023-10-26,COALINDIA,1
2023-12-01,2023-11-30,"HEROMOTOCO,BPCL,HDFCLIFE,BAJAJ-AUTO,AXISBANK,BHARTIARTL,M&M,NTPC,APOLLOHOSP,ULTRACEMCO,TATAMOTORS,BRITANNIA,SUNPHARMA,WIPRO,EICHERMOT,TITAN,BAJAJFINSV,DRREDDY,COALINDIA,SBILIFE",20
2023-12-28,2023-12-28,"HINDALCO,HEROMOTOCO,TATACONSUM,COALINDIA,NTPC,BAJAJ-AUTO,BPCL,ULTRACEMCO,WIPRO,DIVISLAB,TATAMOTORS,M&M,JSWSTEEL,NESTLEIND,BRITANNIA,DRREDDY,BHARTIARTL,TATASTEEL,KOTAKBANK,APOLLOHOSP",20
2024-01-29,2024-01-25,"BAJAJ-AUTO,BHARTIARTL,APOLLOHOSP,HEROMOTOCO,ONGC,INFY,CIPLA,COALINDIA,SUNPHARMA,POWERGRID,NTPC,ADANIPORTS,RELIANCE,HCLTECH,BPCL,TATAMOTORS,DRREDDY,ICICIBANK,GRASIM,HINDALCO",20
2024-03-01,2024-02-29,"M&M,SBILIFE,ADANIPORTS,SUNPHARMA,SBIN,TATACONSUM,ADANIENT,TATAMOTORS,GRASIM,NESTLEIND,POWERGRID,HCLTECH,CIPLA,LT,DRREDDY,TCS,ICICIBANK,MARUTI,NTPC,BRITANNIA",20
2024-04-01,2024-03-28,"BAJFINANCE,MARUTI,GRASIM,TATASTEEL,BAJAJ-AUTO,LT,EICHERMOT,ADANIPORTS,HINDALCO,BAJAJFINSV,HEROMOTOCO,TITAN,NESTLEIND,SUNPHARMA,BHARTIARTL,INDUSINDBK,NTPC,JSWSTEEL,TATAMOTORS,M&M",20
2024-04-25,2024-04-25,"HINDALCO,SBIN,EICHERMOT,AXISBANK,JSWSTEEL,BHARTIARTL,DRREDDY,TATASTEEL,NTPC,POWERGRID,DIVISLAB,M&M,GRASIM,ITC,ONGC,COALINDIA,MARUTI,NESTLEIND,HEROMOTOCO,ICICIBANK",20
2024-05-31,2024-05-30,"DIVISLAB,HINDALCO,HEROMOTOCO,BHARTIARTL,M&M,LT,AXISBANK,EICHERMOT,HDFCBANK,COALINDIA,BRITANNIA,CIPLA,SBIN,ADANIENT",14
2024-06-27,2024-06-27,"ULTRACEMCO,SHRIRAMFIN,GRASIM,WIPRO,BHARTIARTL,AXISBANK,NTPC,ICICIBANK,ADANIPORTS,INFY,KOTAKBANK,RELIANCE,TECHM,DRREDDY,HDFCBANK,M&M,JSWSTEEL,POWERGRID,TCS,HCLTECH",20
2024-07-29,2024-07-25,"ONGC,TATAMOTORS,HDFCLIFE,SBILIFE,BPCL,SUNPHARMA,INFY,ITC,TECHM,TCS,DRREDDY,TATACONSUM,NTPC,HCLTECH,HINDUNILVR,GRASIM,TITAN,BRITANNIA,DIVISLAB,COALINDIA",20
2024-08-30,2024-08-29,"BAJAJFINSV,BAJAJ-AUTO,BPCL,HCLTECH,TATAMOTORS,BHARTIARTL,BAJFINANCE,WIPRO,TECHM,SBILIFE,SHRIRAMFIN,HDFCLIFE,INFY,HINDALCO,DIVISLAB,APOLLOHOSP,SUNPHARMA,CIPLA,BRITANNIA,RELIANCE",20
2024-09-27,2024-09-26,"M&M,BAJAJ-AUTO,MARUTI,TATASTEEL,SHRIRAMFIN,BAJAJFINSV,HINDALCO,POWERGRID,BHARTIARTL,NESTLEIND,BAJFINANCE,JSWSTEEL,ULTRACEMCO,AXISBANK,SUNPHARMA,HDFCBANK,NTPC,HINDUNILVR,GRASIM,ICICIBANK",20
2024-11-04,2024-10-31,"LT,EICHERMOT,CIPLA,SBIN,BEL,GRASIM,HDFCBANK,ICICIBANK",8
2024-11-29,2024-11-28,"BEL,SBIN,HDFCBANK,POWERGRID,LT,SHRIRAMFIN",6
2024-12-27,2024-12-26,"DRREDDY,ADANIPORTS,SUNPHARMA,TRENT,CIPLA,ITC",6
2025-02-03,2025-01-30,"BAJFINANCE,BEL,JSWSTEEL,ULTRACEMCO,GRASIM,BRITANNIA,WIPRO,HDFCLIFE,HEROMOTOCO,HINDUNILVR,BHARTIARTL,KOTAKBANK,NESTLEIND,BAJAJ-AUTO,SBILIFE,ICICIBANK,M&M,CIPLA,COALINDIA,TATACONSUM",20
2025-02-28,2025-02-27,"SHRIRAMFIN,BAJAJFINSV,BAJFINANCE,TATASTEEL,NESTLEIND,HINDALCO,JSWSTEEL,AXISBANK",8
2025-04-01,2025-03-27,"NTPC,BAJAJFINSV,SHRIRAMFIN,ULTRACEMCO,BEL,TRENT,LT,ADANIPORTS,HDFCLIFE,BPCL,GRASIM,POWERGRID,ADANIENT,KOTAKBANK,SBILIFE,BAJFINANCE,HEROMOTOCO,HDFCBANK,AXISBANK,SBIN",20
2025-04-25,2025-04-24,"JIOFIN,TATACONSUM,INDUSINDBK,M&M,BAJAJFINSV,HCLTECH,AXISBANK,ULTRACEMCO,HEROMOTOCO,TITAN,ETERNAL,TATAMOTORS,TECHM,SUNPHARMA,CIPLA,DRREDDY,POWERGRID,BEL,SHRIRAMFIN,APOLLOHOSP",20
2025-05-30,2025-05-29,"BEL,ADANIPORTS,JIOFIN,TATASTEEL,BAJAJ-AUTO,SBILIFE,TRENT,INDUSINDBK,HEROMOTOCO,HDFCLIFE,LT,TECHM,ADANIENT,TATAMOTORS,TITAN,HCLTECH,AXISBANK,ICICIBANK,DRREDDY,INFY",20
2025-06-27,2025-06-26,"JIOFIN,BHARTIARTL,GRASIM,ETERNAL,SHRIRAMFIN,HINDALCO,TATASTEEL,TITAN,TATACONSUM,TRENT,HDFCLIFE,ULTRACEMCO,RELIANCE,HDFCBANK,ADANIENT,BAJFINANCE,M&M,SBILIFE,JSWSTEEL,BAJAJFINSV",20
2025-08-01,2025-07-31,"ETERNAL,HINDUNILVR,JIOFIN,APOLLOHOSP,JSWSTEEL,LT,CIPLA,ICICIBANK",8
2025-08-29,2025-08-28,"MARUTI,HEROMOTOCO,EICHERMOT,TITAN,HINDUNILVR,BAJAJ-AUTO,CIPLA",7
2025-10-01,2025-09-30,"SBIN,HINDALCO,EICHERMOT,MARUTI,TATACONSUM,JSWSTEEL,BAJFINANCE,BEL,ADANIPORTS",9
2025-10-29,2025-10-28,"HINDALCO,SHRIRAMFIN,TATASTEEL,SBILIFE,SBIN,LT,RELIANCE,BHARTIARTL,JSWSTEEL,AXISBANK,TITAN,GRASIM,ASIANPAINT,DRREDDY,BAJFINANCE,NESTLEIND,HCLTECH,HDFCBANK,ITC,TATACONSUM",20
2025-11-26,2025-11-25,"SHRIRAMFIN,ASIANPAINT,TECHM,SBIN,EICHERMOT,SBILIFE,BHARTIARTL,RELIANCE,BAJAJ-AUTO,AXISBANK",10
2025-12-31,2025-12-30,"SHRIRAMFIN,HINDALCO,TATASTEEL,BAJAJ-AUTO,COALINDIA,GRASIM,BAJAJFINSV,TITAN,MARUTI,TMPV,M&M,SBILIFE,JSWSTEEL,NESTLEIND",14
2026-01-27,2026-01-27,"TECHM,JSWSTEEL,TATASTEEL,HINDALCO,AXISBANK,GRASIM,ULTRACEMCO,SBIN,INFY,ONGC,HCLTECH,NTPC,BEL,TATACONSUM,SHRIRAMFIN,BAJAJ-AUTO,COALINDIA,DRREDDY,HINDUNILVR,NESTLEIND",20
2026-02-25,2026-02-24,"NTPC,SBIN,POWERGRID,ONGC,APOLLOHOSP,TATASTEEL,ADANIPORTS,COALINDIA,MAXHEALTH,TITAN,EICHERMOT,JSWSTEEL,BAJFINANCE,DRREDDY,AXISBANK,HDFCLIFE,SHRIRAMFIN,TATACONSUM,NESTLEIND,SBILIFE",20
2026-04-01,2026-03-30,"ONGC,TECHM",2
2026-04-29,2026-04-28,"ADANIENT,NESTLEIND,ONGC,ADANIPORTS,HINDALCO,ETERNAL,DRREDDY,COALINDIA,TRENT,JSWSTEEL,TATASTEEL,RELIANCE,CIPLA,SUNPHARMA,JIOFIN,NTPC,POWERGRID,LT,BHARTIARTL,HINDUNILVR",20
2026-05-29,2026-05-26,"ADANIENT,TMPV,GRASIM,ADANIPORTS,HINDALCO,CIPLA,EICHERMOT,BAJAJ-AUTO,TECHM,ETERNAL,ASIANPAINT,LT,INDIGO,BAJAJFINSV,APOLLOHOSP,AXISBANK,DRREDDY,KOTAKBANK,JSWSTEEL,HDFCLIFE",20
