cycle_id,symbol,start,end,status,n_puts,n_calls,assigned,called_away,premium,option_pnl,stock_pnl,costs,max_margin_lev,max_margin_unlev,put_strike,assign_fsp,assign_date,first_call_spot,min_spot_while_held,shares_assigned,shares_ca_delta,shares_called_away,shares_sold,max_uncovered_at_call,residual_after_call_away,n_call_topups,option_pnl_t,stock_pnl_t,costs_t,total_pnl,sector,duration_days,assignment_gap_pct,drawdown_while_held_pct
1,TATASTEEL,2020-01-01,2020-01-30,put_expired_otm,1,0,False,False,63984.9,63984.9,0.0,93.41904318200001,923370.0,4616850.0,440.0,0.0,,,,0,0,0,0,0,0,0,63984.9,0.0,93.41904318200001,63891.480956818,Metals & Mining,29,,
2,VEDL,2020-01-01,2020-01-30,put_expired_otm,1,0,False,False,42000.0,42000.0,0.0,69.42956,979300.0,4896500.0,140.0,0.0,,,,0,0,0,0,0,0,0,42000.0,0.0,69.42956,41930.57044,Metals & Mining,29,,
3,ONGC,2020-01-01,2021-06-25,residual_after_call_away,1,8,True,True,102628.24,51148.23999999996,107249.77500000005,8168.437071782351,196904.0,984520.0,120.0,115.6,2020-01-30,103.45,60.0,8200,0,7700,500,500,500,0,51148.23999999996,107249.77500000005,8168.43707178235,150229.57792821765,Oil Gas & Consumable Fuels,541,-0.036666666666666736,-0.4809688581314878
4,HINDALCO,2020-01-01,2020-11-27,residual_after_call_away,1,6,True,True,245330.0,-425500.0000000003,772529.9350000004,34633.9971328689,876742.0,4383710.0,205.0,193.45,2020-01-30,189.35,87.9,21000,0,17200,3800,14000,3800,0,-425500.0000000003,772529.9350000004,34633.997132868906,312395.9378671312,Metals & Mining,331,-0.056341463414634196,-0.54561902300336
5,BAJFINANCE,2020-01-01,2020-01-30,put_expired_otm,1,0,False,False,31809.375000000004,31809.375000000004,0.0,58.309753812500006,999850.0,4999250.0,4000.0,0.0,,,,0,0,0,0,0,0,0,31809.375000000004,0.0,58.309753812500006,31751.065246187503,Financial Services,29,,
6,COALINDIA,2020-01-01,2022-04-01,residual_after_call_away,1,6,True,True,594422.1,237557.09999999948,911452.8525000005,36620.61687805923,966897.0,4834485.0,200.0,187.95,2020-01-30,181.7,110.55,24300,0,21000,3300,3300,3300,0,237557.09999999948,911452.8525000005,36620.61687805923,1112389.3356219407,Oil Gas & Consumable Fuels,821,-0.060250000000000026,-0.4118116520351157
7,NTPC,2020-01-01,2020-01-30,put_expired_otm,1,0,False,False,15119.999999999998,15119.999999999998,0.0,40.0986416,971136.0,4855680.0,112.5,0.0,,,,0,0,0,0,0,0,0,15119.999999999998,0.0,40.0986416,15079.901358399999,Power,29,,
8,TCS,2020-01-01,2020-01-30,put_expired_otm,1,0,False,False,43216.875,43216.875,0.0,70.7573896625,917910.0,4589550.0,2040.0,0.0,,,,0,0,0,0,0,0,0,43216.875,0.0,70.7573896625,43146.1176103375,Information Technology,29,,
9,INDUSINDBK,2020-01-01,2023-12-29,residual_after_call_away,1,12,True,True,145747.89,-151002.11,485380.105,14217.70622583175,371438.0,1857190.0,1420.0,1231.5,2020-01-30,1258.85,301.3,1200,0,1000,200,800,200,1,-151002.10999999996,485380.105,14217.706225831751,320160.2887741683,Financial Services,1458,-0.13274647887323943,-0.755339017458384
10,HEROMOTOCO,2020-01-01,2020-01-30,put_expired_otm,1,0,False,False,32379.840000000004,32379.840000000004,0.0,58.9322338112,827856.0,4139280.0,2300.0,0.0,,,,0,0,0,0,0,0,0,32379.840000000004,0.0,58.9322338112,32320.907766188804,Automobile,29,,
11,TATAMOTORS,2020-01-01,2020-01-30,put_expired_otm,1,0,False,False,111941.04,111941.04,0.0,145.74782402719998,902226.0,4511130.0,175.0,0.0,,,,0,0,0,0,0,0,0,111941.04,0.0,145.74782402719998,111795.29217597279,Automobile,29,,
12,ICICIBANK,2020-01-01,2020-01-30,put_expired_otm,1,0,False,False,37537.5,37537.5,0.0,64.56016924999999,981365.0,4906825.0,510.0,0.0,,,,0,0,0,0,0,0,0,37537.5,0.0,64.56016924999999,37472.93983075,Financial Services,29,,
13,WIPRO,2020-01-01,2020-01-30,put_expired_otm,1,0,False,False,8000.0,8000.0,0.0,32.32944,294336.0,1471680.0,230.0,0.0,,,,0,0,0,0,0,0,0,8000.0,0.0,32.32944,7967.67056,Information Technology,29,,
14,BAJFINANCE,2020-02-04,2020-02-27,put_expired_otm,1,0,False,False,14673.8,14673.8,0.0,39.611757084,819910.0,4099550.0,4100.0,0.0,,,,0,0,0,0,0,0,0,14673.8,0.0,39.611757084,14634.188242916,Financial Services,23,,
15,LT,2020-02-04,2021-01-01,residual_after_call_away,1,3,True,True,115310.45999999999,-143957.04000000004,428625.67500000005,36431.1957550539,922111.5,4610557.5,1220.0,1210.35,2020-02-27,1187.55,707.9,3750,0,3300,450,2650,450,1,-143957.04000000004,428625.67500000005,36431.1957550539,248237.4392449461,Capital Goods,332,-0.007909836065573828,-0.4151278555789647
16,HCLTECH,2020-02-04,2020-02-27,put_expired_otm,1,0,False,False,12600.0,12600.0,0.0,37.348868,461958.0,2309790.0,550.0,0.0,,,,0,0,0,0,0,0,0,12600.0,0.0,37.348868,12562.651132,Information Technology,23,,
17,BAJAJ-AUTO,2020-02-04,2020-11-26,completed,1,7,True,True,440431.875,151531.87500000012,468899.9999999999,38321.890783956245,923550.0,4617750.0,3100.0,2936.6,2020-02-27,2890.0,1935.55,1500,0,1500,0,250,0,1,151531.87500000012,468899.9999999999,38321.890783956245,582109.9842160437,Automobile,296,-0.05270967741935484,-0.34088742082680645
18,INFY,2020-02-04,2020-02-27,put_expired_otm,1,0,False,False,9300.0,9300.0,0.0,33.747974,863940.0,4319700.0,720.0,0.0,,,,0,0,0,0,0,0,0,9300.0,0.0,33.747974,9266.252026,Information Technology,23,,
19,TECHM,2020-02-04,2020-02-27,put_expired_otm,1,0,False,False,2760.0,2760.0,0.0,26.611656799999995,179988.0,899940.0,750.0,0.0,,,,0,0,0,0,0,0,0,2760.0,0.0,26.611656799999995,2733.3883432,Information Technology,23,,
20,INFY,2020-03-27,2020-04-30,put_expired_otm,1,0,False,False,111618.0,111618.0,0.0,145.39532924,431892.0,2159460.0,600.0,0.0,,,,0,0,0,0,0,0,0,111618.0,0.0,145.39532924,111472.60467076,Information Technology,34,,
21,VEDL,2020-05-04,2020-05-28,put_expired_otm,1,0,False,False,399260.39999999997,399260.39999999997,0.0,459.26496327199993,712740.0,3563700.0,85.0,0.0,,,,0,0,0,0,0,0,0,399260.39999999997,0.0,459.26496327199993,398801.13503672794,Metals & Mining,24,,
22,EICHERMOT,2020-05-29,2020-06-25,put_expired_otm,1,0,False,False,97554.6,97554.6,0.0,130.04962842799998,719925.6,3599628.0,15000.0,0.0,,,,0,0,0,0,0,0,0,97554.6,0.0,130.04962842799998,97424.55037157201,Automobile,27,,
23,GRASIM,2020-05-29,2020-06-25,put_expired_otm,1,0,False,False,19085.7,19085.7,0.0,44.425934126,161910.0,809550.0,540.0,0.0,,,,0,0,0,0,0,0,0,19085.7,0.0,44.425934126,19041.274065874,Construction Materials,27,,
24,ITC,2020-06-29,2020-07-30,put_expired_otm,1,0,False,False,96096.0,96096.0,0.0,128.40133664,822304.0,4111520.0,185.0,0.0,,,,0,0,0,0,0,0,0,96096.0,0.0,128.40133664,95967.59866336,FMCG,31,,
25,HEROMOTOCO,2020-06-29,2020-07-30,put_expired_otm,1,0,False,False,50397.72,50397.72,0.0,78.5632494548,287964.0,1439820.0,2400.0,0.0,,,,0,0,0,0,0,0,0,50397.72,0.0,78.5632494548,50319.156750545204,Automobile,31,,
26,INFY,2020-07-31,2020-08-27,put_expired_otm,1,0,False,False,49666.32,49666.32,0.0,77.7655919288,655056.0,3275280.0,910.0,0.0,,,,0,0,0,0,0,0,0,49666.32,0.0,77.7655919288,49588.5544080712,Information Technology,27,,
27,SUNPHARMA,2020-07-31,2020-08-27,put_expired_otm,1,0,False,False,52211.6,52211.6,0.0,80.541448844,671790.0,3358950.0,480.0,0.0,,,,0,0,0,0,0,0,0,52211.6,0.0,80.541448844,52131.058551156,Healthcare,27,,
28,TATAMOTORS,2020-09-01,2020-11-26,completed,1,2,True,True,523795.8,-785779.2000000001,1452075.0,35997.234342772004,800565.0,4002825.0,135.0,122.8,2020-09-24,132.85,126.95,28500,0,28500,0,0,0,0,-785779.2000000001,1452075.0,35997.234342772004,630298.5656572279,Automobile,86,-0.09037037037037043,0.033794788273615595
29,SBIN,2020-09-01,2020-11-26,completed,1,2,True,True,269614.80000000005,-1181485.1999999997,1451099.9999999998,37965.775830232,841470.0,4207350.0,200.0,176.35,2020-09-24,182.2,182.2,21000,0,21000,0,0,0,0,-1181485.1999999997,1451099.9999999998,37965.775830232,231649.02416976797,Financial Services,86,-0.11825000000000008,0.033172667989793014
30,TATASTEEL,2020-12-01,2020-12-31,put_expired_otm,1,0,False,False,86603.95000000001,86603.95000000001,0.0,118.04940183050002,917915.0,4589575.0,540.0,0.0,,,,0,0,0,0,0,0,0,86603.95000000001,0.0,118.04940183050002,86485.90059816951,Metals & Mining,30,,
31,BAJFINANCE,2020-12-01,2020-12-31,put_expired_otm,1,0,False,False,132892.5,132892.5,0.0,168.53123157500002,919950.0,4599750.0,4600.0,0.0,,,,0,0,0,0,0,0,0,132892.5,0.0,168.53123157500002,132723.968768425,Financial Services,30,,
32,JSWSTEEL,2020-12-01,2020-12-31,put_expired_otm,1,0,False,False,75026.25,75026.25,0.0,105.42287798750002,890865.0,4454325.0,330.0,0.0,,,,0,0,0,0,0,0,0,75026.25,0.0,105.42287798750002,74920.8271220125,Metals & Mining,30,,
33,TATAMOTORS,2020-12-01,2020-12-31,put_expired_otm,1,0,False,False,193121.7,193121.7,0.0,234.21659480300002,968430.0,4842150.0,170.0,0.0,,,,0,0,0,0,0,0,0,193121.7,0.0,234.21659480300002,192887.483405197,Automobile,30,,
34,ADANIPORTS,2020-12-01,2020-12-31,put_expired_otm,1,0,False,False,70077.5,70077.5,0.0,100.025820725,974875.0,4874375.0,390.0,0.0,,,,0,0,0,0,0,0,0,70077.5,0.0,100.025820725,69977.474179275,Services,30,,
35,M&M,2020-12-01,2020-12-31,put_expired_otm,1,0,False,False,77805.0,77805.0,0.0,108.45335495,951440.0,4757200.0,680.0,0.0,,,,0,0,0,0,0,0,0,77805.0,0.0,108.45335495,77696.54664505,Automobile,30,,
36,KOTAKBANK,2020-12-01,2020-12-31,put_expired_otm,1,0,False,False,119437.36,119437.36,0.0,153.85719044240003,1007944.0,5039720.0,1800.0,0.0,,,,0,0,0,0,0,0,0,119437.36,0.0,153.85719044240003,119283.5028095576,Financial Services,30,,
37,SBIN,2020-12-01,2020-12-31,put_expired_otm,1,0,False,False,94185.0,94185.0,0.0,126.31721915000001,965790.0,4828950.0,230.0,0.0,,,,0,0,0,0,0,0,0,94185.0,0.0,126.31721915000001,94058.68278085,Financial Services,30,,
38,POWERGRID,2020-12-01,2020-12-31,put_expired_otm,1,0,False,False,57399.99999999999,57399.99999999999,0.0,86.19986599999999,1007720.0,5038600.0,180.0,0.0,,,,0,0,0,0,0,0,0,57399.99999999999,0.0,86.19986599999999,57313.80013399999,Power,30,,
39,HDFCBANK,2020-12-01,2020-12-31,put_expired_otm,1,0,False,False,51641.04,51641.04,0.0,79.9192018136,897501.0,4487505.0,1360.0,0.0,,,,0,0,0,0,0,0,0,51641.04,0.0,79.9192018136,51561.1207981864,Financial Services,30,,
40,ITC,2020-12-01,2020-12-31,put_expired_otm,1,0,False,False,39680.0,39680.0,0.0,66.8746112,934144.0,4670720.0,182.5,0.0,,,,0,0,0,0,0,0,0,39680.0,0.0,66.8746112,39613.1253888,FMCG,30,,
41,AXISBANK,2020-12-01,2020-12-31,put_expired_otm,1,0,False,False,110155.92,110155.92,0.0,143.73494479279998,957432.0,4787160.0,570.0,0.0,,,,0,0,0,0,0,0,0,110155.92,0.0,143.73494479279998,110012.1850552072,Financial Services,30,,
42,DIVISLAB,2020-12-01,2020-12-31,put_expired_otm,1,0,False,False,32672.28,32672.28,0.0,59.2320618452,407934.0,2039670.0,3400.0,0.0,,,,0,0,0,0,0,0,0,32672.28,0.0,59.2320618452,32613.0479381548,Healthcare,30,,
43,ASIANPAINT,2021-01-01,2021-04-29,completed,1,3,True,True,252252.21,-108317.78999999957,360569.9999999996,44468.0387450379,1089669.0,5448345.0,2600.0,2441.75,2021-01-28,2407.35,2277.2,2100,0,2100,0,0,0,0,-108317.78999999957,360569.9999999996,44468.038745037906,207784.17125496213,Consumer Durables,118,-0.0608653846153846,-0.06739019146104241
44,TATASTEEL,2021-01-01,2021-01-28,put_expired_otm,1,0,False,False,108152.3,108152.3,0.0,145.378408277,1035555.0,5177775.0,610.0,0.0,,,,0,0,0,0,0,0,0,108152.3,0.0,145.378408277,108006.921591723,Metals & Mining,27,,
45,INFY,2021-01-01,2021-01-28,put_expired_otm,1,0,False,False,85644.0,85644.0,0.0,120.03428756000001,1132608.0,5663040.0,1180.0,0.0,,,,0,0,0,0,0,0,0,85644.0,0.0,120.03428756000001,85523.96571244,Information Technology,27,,
46,ICICIBANK,2021-01-01,2021-01-28,put_expired_otm,1,0,False,False,79365.0,79365.0,0.0,112.96419635,1099230.0,5496150.0,500.0,0.0,,,,0,0,0,0,0,0,0,79365.0,0.0,112.96419635,79252.03580365,Financial Services,27,,
47,BAJFINANCE,2021-01-01,2021-02-25,completed,1,1,True,True,215670.0,-403929.9999999994,719599.9999999994,42654.8974338,1023280.0,5116400.0,5000.0,4810.35,2021-01-28,4734.55,4734.55,1000,0,1000,0,0,0,0,-403929.9999999994,719599.9999999994,42654.8974338,273015.10256619996,Financial Services,55,-0.03792999999999991,-0.015757689149438203
48,GAIL,2021-01-01,2021-01-28,put_expired_otm,1,0,False,False,112239.99999999999,112239.99999999999,0.0,149.98111759999998,1121912.0,5609560.0,115.0,0.0,,,,0,0,0,0,0,0,0,112239.99999999999,0.0,149.98111759999998,112090.01888239999,Oil Gas & Consumable Fuels,27,,
49,TECHM,2021-01-01,2021-01-28,put_expired_otm,1,0,False,False,90090.0,90090.0,0.0,125.0404391,1103520.0,5517600.0,920.0,0.0,,,,0,0,0,0,0,0,0,90090.0,0.0,125.0404391,89964.9595609,Information Technology,27,,
50,DIVISLAB,2021-01-01,2021-03-31,fo_exit,1,2,True,False,353193.96,114703.96000000012,267874.0400000007,26429.5560678724,1003590.0,5017950.0,3600.0,3429.65,2021-01-28,3463.6,3272.9,1400,0,0,1400,0,0,0,114703.96000000012,267874.0400000007,26429.556067872403,356148.4439321284,Healthcare,89,-0.04731944444444447,-0.045704372166256
51,SUNPHARMA,2021-01-01,2021-01-28,put_expired_otm,1,0,False,False,102715.76,102715.76,0.0,139.2569186024,1095444.0,5477220.0,560.0,0.0,,,,0,0,0,0,0,0,0,102715.76,0.0,139.2569186024,102576.50308139759,Healthcare,27,,
52,ULTRACEMCO,2021-01-01,2021-01-28,put_expired_otm,1,0,False,False,80632.5,80632.5,0.0,114.39138867500002,999740.0,4998700.0,5000.0,0.0,,,,0,0,0,0,0,0,0,80632.5,0.0,114.39138867500002,80518.108611325,Construction Materials,27,,
53,SBILIFE,2021-01-01,2021-01-28,put_expired_otm,1,0,False,False,56562.45,56562.45,0.0,87.2887530755,881685.0,4408425.0,840.0,0.0,,,,0,0,0,0,0,0,0,56562.45,0.0,87.2887530755,56475.161246924494,Financial Services,27,,
54,UPL,2021-01-01,2021-01-28,put_expired_otm,1,0,False,False,103808.25,103808.25,0.0,140.48705141749997,1029249.0,5146245.0,440.0,0.0,,,,0,0,0,0,0,0,0,103808.25,0.0,140.48705141749997,103667.7629485825,Chemicals,27,,
55,HDFCLIFE,2021-01-01,2021-01-28,put_expired_otm,1,0,False,False,77649.44,77649.44,0.0,111.03249294559998,1126224.0,5631120.0,640.0,0.0,,,,0,0,0,0,0,0,0,77649.44,0.0,111.03249294559998,77538.4075070544,Financial Services,27,,
56,TATAMOTORS,2021-01-01,2021-01-28,put_expired_otm,1,0,False,False,120874.2,120874.2,0.0,159.703140458,968715.0,4843575.0,170.0,0.0,,,,0,0,0,0,0,0,0,120874.2,0.0,159.703140458,120714.49685954199,Automobile,27,,
57,BAJAJ-AUTO,2021-02-02,2021-02-25,put_expired_otm,1,0,False,False,57951.49999999999,57951.49999999999,0.0,88.852809485,971950.0,4859750.0,3900.0,0.0,,,,0,0,0,0,0,0,0,57951.49999999999,0.0,88.852809485,57862.647190514996,Automobile,23,,
58,TATAMOTORS,2021-02-02,2021-02-25,put_expired_otm,1,0,False,False,72524.52,72524.52,0.0,105.26188427480001,906129.0,4530645.0,265.0,0.0,,,,0,0,0,0,0,0,0,72524.52,0.0,105.26188427480001,72419.2581157252,Automobile,23,,
59,UPL,2021-02-02,2021-02-25,put_expired_otm,1,0,False,False,66416.48,66416.48,0.0,98.38429231519999,1039584.0,5197920.0,500.0,0.0,,,,0,0,0,0,0,0,0,66416.48,0.0,98.38429231519999,66318.0957076848,Chemicals,23,,
60,AXISBANK,2021-02-02,2021-02-25,put_expired_otm,1,0,False,False,66105.0,66105.0,0.0,98.03356894999999,803940.0,4019700.0,670.0,0.0,,,,0,0,0,0,0,0,0,66105.0,0.0,98.03356894999999,66006.96643105,Financial Services,23,,
61,ADANIPORTS,2021-03-02,2021-03-25,put_expired_otm,1,0,False,False,85191.0,85191.0,0.0,119.52421409,974550.0,4872750.0,650.0,0.0,,,,0,0,0,0,0,0,0,85191.0,0.0,119.52421409,85071.47578591,Services,23,,
62,BPCL,2021-03-02,2021-05-27,completed,1,2,True,True,377676.0,-110484.00000000051,704160.0000000005,52521.568786244796,1276992.0,6384960.0,430.0,418.95,2021-03-25,424.2,403.95,14400,0,14400,0,0,0,0,-110484.00000000051,704160.0000000005,52521.568786244796,541154.4312137552,Oil Gas & Consumable Fuels,86,-0.02569767441860471,-0.03580379520229149
63,UPL,2021-03-02,2021-03-25,put_expired_otm,1,0,False,False,174408.0,174408.0,0.0,219.98166392000002,1163968.0,5819840.0,560.0,0.0,,,,0,0,0,0,0,0,0,174408.0,0.0,219.98166392000002,174188.01833608,Chemicals,23,,
64,GAIL,2021-03-02,2021-04-01,universe_removal_sale,1,1,True,False,302580.74,-357399.0,515812.7975000001,30533.745857709073,1144360.0,5721800.0,135.0,128.0,2021-03-25,131.8,131.8,42700,0,0,42700,0,0,0,-357399.0,515812.7975000001,30533.745857709073,127880.05164229102,Oil Gas & Consumable Fuels,30,-0.051851851851851816,0.02968750000000009
65,NTPC,2021-03-02,2021-03-25,put_expired_otm,1,0,False,False,63839.99999999999,63839.99999999999,0.0,95.4832016,937536.0,4687680.0,103.0,0.0,,,,0,0,0,0,0,0,0,63839.99999999999,0.0,95.4832016,63744.51679839999,Power,23,,
66,TATAMOTORS,2021-03-02,2021-09-30,completed,1,6,True,True,1042031.25,224651.24999999988,817380.0000000002,45614.326471111795,1150488.0,5752440.0,310.0,285.55,2021-03-25,296.4,276.95,17100,0,17100,0,0,0,0,224651.24999999988,817380.0000000002,45614.3264711118,996416.9235288883,Automobile,212,-0.07887096774193547,-0.030117317457538206
67,TATASTEEL,2021-03-02,2021-03-25,put_expired_otm,1,0,False,False,119754.8,119754.8,0.0,158.442707252,1171895.0,5859475.0,690.0,0.0,,,,0,0,0,0,0,0,0,119754.8,0.0,158.442707252,119596.357292748,Metals & Mining,23,,
68,RELIANCE,2021-03-02,2021-03-25,put_expired_otm,1,0,False,False,72247.5,72247.5,0.0,104.94996252499999,1187640.0,5938200.0,1980.0,0.0,,,,0,0,0,0,0,0,0,72247.5,0.0,104.94996252499999,72142.550037475,Oil Gas & Consumable Fuels,23,,
69,IOC,2021-03-02,2021-03-31,fo_exit,1,0,True,False,9425.0,-17224.999999999964,5876.4874999999465,3203.03807218375,123110.0,615550.0,95.0,90.9,2021-03-25,,90.9,6500,0,0,6500,0,0,0,-17224.999999999964,5876.4874999999465,3203.03807218375,-14551.550572183769,Oil Gas & Consumable Fuels,29,-0.04315789473684206,0.0
70,JSWSTEEL,2021-05-04,2021-05-27,put_expired_otm,1,0,False,False,203163.66,203163.66,0.0,252.4801160828,1280191.5,6400957.5,680.0,0.0,,,,0,0,0,0,0,0,0,203163.66,0.0,252.4801160828,202911.1798839172,Metals & Mining,23,,
71,TATASTEEL,2021-05-04,2021-05-27,put_expired_otm,1,0,False,False,179548.39,179548.39,0.0,225.8756252062,1201126.5,6005632.5,1010.0,0.0,,,,0,0,0,0,0,0,0,179548.39,0.0,225.8756252062,179322.51437479383,Metals & Mining,23,,
72,BAJFINANCE,2021-05-04,2021-05-27,put_expired_otm,1,0,False,False,89998.65000000001,89998.65000000001,0.0,124.990679117,1169595.0,5847975.0,5200.0,0.0,,,,0,0,0,0,0,0,0,89998.65000000001,0.0,124.990679117,89873.659320883,Financial Services,23,,
73,ICICIBANK,2021-05-04,2021-05-27,put_expired_otm,1,0,False,False,86872.5,86872.5,0.0,121.46882105,1231780.0,6158900.0,560.0,0.0,,,,0,0,0,0,0,0,0,86872.5,0.0,121.46882105,86751.03117895,Financial Services,23,,
74,WIPRO,2021-05-04,2021-05-27,put_expired_otm,1,0,False,False,85488.64,85488.64,0.0,119.90979205119999,1177472.0,5887360.0,460.0,0.0,,,,0,0,0,0,0,0,0,85488.64,0.0,119.90979205119999,85368.7302079488,Information Technology,23,,
75,HINDALCO,2021-05-04,2021-05-27,put_expired_otm,1,0,False,False,217170.64,217170.64,0.0,268.2600996112,1203484.0,6017420.0,350.0,0.0,,,,0,0,0,0,0,0,0,217170.64,0.0,268.2600996112,216902.37990038883,Metals & Mining,23,,
76,AXISBANK,2021-05-04,2021-05-27,put_expired_otm,1,0,False,False,98280.0,98280.0,0.0,134.3202824,1267008.0,6335040.0,660.0,0.0,,,,0,0,0,0,0,0,0,98280.0,0.0,134.3202824,98145.6797176,Financial Services,23,,
77,DRREDDY,2021-05-04,2021-05-27,put_expired_otm,1,0,False,False,140643.75,140643.75,0.0,182.04643587500001,1224787.5,6123937.5,4900.0,0.0,,,,0,0,0,0,0,0,0,140643.75,0.0,182.04643587500001,140461.703564125,Healthcare,23,,
78,RELIANCE,2021-05-04,2021-05-27,put_expired_otm,1,0,False,False,21900.9,21900.9,0.0,48.273115922,278977.5,1394887.5,1860.0,0.0,,,,0,0,0,0,0,0,0,21900.9,0.0,48.273115922,21852.626884078003,Oil Gas & Consumable Fuels,23,,
79,SBIN,2021-05-31,2021-06-24,put_expired_otm,1,0,False,False,121459.8,121459.8,0.0,160.434181484,1319175.0,6595875.0,400.0,0.0,,,,0,0,0,0,0,0,0,121459.8,0.0,160.434181484,121299.365818516,Financial Services,24,,
80,BAJAJFINSV,2021-05-31,2021-06-24,put_expired_otm,1,0,False,False,77969.5,77969.5,0.0,111.43887930999999,1374800.0,6874000.0,11000.0,0.0,,,,0,0,0,0,0,0,0,77969.5,0.0,111.43887930999999,77858.06112069,Financial Services,24,,
81,IOC,2021-05-31,2021-06-24,put_expired_otm,1,0,False,False,48750.0,48750.0,0.0,78.520775,675675.0,3378375.0,104.0,0.0,,,,0,0,0,0,0,0,0,48750.0,0.0,78.520775,48671.479225,Oil Gas & Consumable Fuels,24,,
82,WIPRO,2021-05-31,2021-06-24,put_expired_otm,1,0,False,False,69263.36,69263.36,0.0,101.63071610879999,1305216.0,6526080.0,510.0,0.0,,,,0,0,0,0,0,0,0,69263.36,0.0,101.63071610879999,69161.7292838912,Information Technology,24,,
83,TITAN,2021-05-31,2021-06-24,put_expired_otm,1,0,False,False,49140.0,49140.0,0.0,78.9601412,1331910.0,6659550.0,1480.0,0.0,,,,0,0,0,0,0,0,0,49140.0,0.0,78.9601412,49061.0398588,Consumer Durables,24,,
84,LT,2021-05-31,2021-06-24,put_expired_otm,1,0,False,False,55838.479999999996,55838.479999999996,0.0,86.5065147984,1287862.0,6439310.0,1400.0,0.0,,,,0,0,0,0,0,0,0,55838.479999999996,0.0,86.5065147984,55751.9734852016,Capital Goods,24,,
85,AXISBANK,2021-05-31,2021-06-24,put_expired_otm,1,0,False,False,67392.0,67392.0,0.0,99.52247935999999,1343616.0,6718080.0,700.0,0.0,,,,0,0,0,0,0,0,0,67392.0,0.0,99.52247935999999,67292.47752064,Financial Services,24,,
86,TECHM,2021-05-31,2021-06-24,put_expired_otm,1,0,False,False,55107.36,55107.36,0.0,85.6828496288,1382328.0,6911640.0,960.0,0.0,,,,0,0,0,0,0,0,0,55107.36,0.0,85.6828496288,55021.6771503712,Information Technology,24,,
87,ICICIBANK,2021-05-31,2021-06-24,put_expired_otm,1,0,False,False,49335.0,49335.0,0.0,79.17982429999999,1340570.0,6702850.0,610.0,0.0,,,,0,0,0,0,0,0,0,49335.0,0.0,79.17982429999999,49255.8201757,Financial Services,24,,
88,INFY,2021-05-31,2021-06-24,put_expired_otm,1,0,False,False,41856.479999999996,41856.479999999996,0.0,70.7546732384,1425492.0,7127460.0,1320.0,0.0,,,,0,0,0,0,0,0,0,41856.479999999996,0.0,70.7546732384,41785.725326761596,Information Technology,24,,
89,HEROMOTOCO,2021-05-31,2021-06-24,put_expired_otm,1,0,False,False,62010.0,62010.0,0.0,93.45922579999998,1343400.0,6717000.0,2800.0,0.0,,,,0,0,0,0,0,0,0,62010.0,0.0,93.45922579999998,61916.5407742,Automobile,24,,
90,M&M,2021-05-31,2021-10-28,completed,1,4,True,True,683046.0,329825.9999999995,846720.0000000006,57797.67928388,1425312.0,7126560.0,800.0,791.8,2021-06-24,794.25,728.7,8400,0,8400,0,0,0,0,329825.9999999995,846720.0000000006,57797.67928388,1118748.32071612,Automobile,150,-0.010250000000000092,-0.07969184137408425
91,ULTRACEMCO,2021-05-31,2021-06-24,put_expired_otm,1,0,False,False,40218.75,40218.75,0.0,68.90963937500001,1363791.0,6818955.0,6200.0,0.0,,,,0,0,0,0,0,0,0,40218.75,0.0,68.90963937500001,40149.840360625,Construction Materials,24,,
92,CIPLA,2021-05-31,2021-06-24,put_expired_otm,1,0,False,False,8302.06,8302.06,0.0,32.9529347548,228774.0,1143870.0,880.0,0.0,,,,0,0,0,0,0,0,0,8302.06,0.0,32.9529347548,8269.1070652452,Healthcare,24,,
93,INFY,2021-06-28,2021-07-29,put_expired_otm,1,0,False,False,52884.0,52884.0,0.0,83.17805672,1420704.0,7103520.0,1480.0,0.0,,,,0,0,0,0,0,0,0,52884.0,0.0,83.17805672,52800.82194328,Information Technology,31,,
94,MARUTI,2021-06-28,2021-09-30,completed,1,2,True,True,155268.7,-189281.30000000016,389550.0000000002,58783.317452046,1438310.0,7191550.0,7200.0,6993.45,2021-07-29,6977.7,6608.6,1000,0,1000,0,0,0,0,-189281.30000000016,389550.0000000002,58783.317452046,141485.38254795398,Automobile,94,-0.028687499999999977,-0.05503006384545528
95,TCS,2021-06-28,2021-08-26,completed,1,1,True,True,95823.0,-483881.9999999994,999704.9999999994,58197.51646964001,1429554.0,7147770.0,3200.0,3195.8,2021-07-29,3167.45,3167.45,2100,0,2100,0,0,0,0,-483881.9999999994,999704.9999999994,58197.51646964001,457625.48353036004,Information Technology,59,-0.0013124999999999387,-0.00887101821140257
96,TITAN,2021-06-28,2021-07-29,put_expired_otm,1,0,False,False,81387.90000000001,81387.90000000001,0.0,115.28998038200001,1493325.0,7466625.0,1660.0,0.0,,,,0,0,0,0,0,0,0,81387.90000000001,0.0,115.28998038200001,81272.610019618,Consumer Durables,31,,
97,TECHM,2021-06-28,2021-07-29,put_expired_otm,1,0,False,False,98982.0,98982.0,0.0,135.11114156,1468368.0,7341840.0,1020.0,0.0,,,,0,0,0,0,0,0,0,98982.0,0.0,135.11114156,98846.88885844,Information Technology,31,,
98,HDFCLIFE,2021-06-28,2023-11-30,completed,1,19,True,True,909532.7999999999,600432.7999999997,348700.0000000005,62380.675351173995,1612710.0,8063550.0,680.0,662.65,2021-07-29,664.05,461.4,11000,0,11000,0,9900,0,6,600432.7999999998,348700.0000000005,62380.675351173995,886752.1246488263,Financial Services,885,-0.02551470588235294,-0.3037048215498378
99,ULTRACEMCO,2021-06-28,2021-07-29,put_expired_otm,1,0,False,False,76415.68000000001,76415.68000000001,0.0,109.6883767744,1429846.0,7149230.0,6500.0,0.0,,,,0,0,0,0,0,0,0,76415.68000000001,0.0,109.6883767744,76305.99162322561,Construction Materials,31,,
100,HINDUNILVR,2021-06-28,2021-07-29,put_expired_otm,1,0,False,False,17988.899999999998,17988.899999999998,0.0,43.865934962,1379520.0,6897600.0,2300.0,0.0,,,,0,0,0,0,0,0,0,17988.899999999998,0.0,43.865934962,17945.034065038,FMCG,31,,
101,NTPC,2021-06-28,2021-07-29,put_expired_otm,1,0,False,False,61560.0,61560.0,0.0,92.95226480000001,1504116.0,7520580.0,110.0,0.0,,,,0,0,0,0,0,0,0,61560.0,0.0,92.95226480000001,61467.0477352,Power,31,,
102,LT,2021-06-28,2021-07-29,put_expired_otm,1,0,False,False,6923.69,6923.69,0.0,31.4000906802,165588.5,827942.5,1440.0,0.0,,,,0,0,0,0,0,0,0,6923.69,0.0,31.4000906802,6892.289909319799,Capital Goods,31,,
103,BRITANNIA,2021-08-30,2021-09-30,put_expired_otm,1,0,False,False,4046.2400000000002,4046.2400000000002,0.0,28.1584130592,147958.0,739790.0,3700.0,0.0,,,,0,0,0,0,0,0,0,4046.2400000000002,0.0,28.1584130592,4018.0815869408,FMCG,31,,
104,IOC,2021-10-04,2021-10-28,put_expired_otm,1,0,False,False,104000.0,104000.0,0.0,140.76432,1559350.0,7796750.0,120.0,0.0,,,,0,0,0,0,0,0,0,104000.0,0.0,140.76432,103859.23568,Oil Gas & Consumable Fuels,24,,
105,TATAMOTORS,2021-10-04,2021-10-28,put_expired_otm,1,0,False,False,147551.625,147551.625,0.0,189.8287096925,1615693.5,8078467.5,315.0,0.0,,,,0,0,0,0,0,0,0,147551.625,0.0,189.8287096925,147361.7962903075,Automobile,24,,
106,SUNPHARMA,2021-10-04,2021-10-28,put_expired_otm,1,0,False,False,80740.23999999999,80740.23999999999,0.0,114.56033957919999,1528310.0,7641550.0,780.0,0.0,,,,0,0,0,0,0,0,0,80740.23999999999,0.0,114.56033957919999,80625.67966042079,Healthcare,24,,
107,POWERGRID,2021-10-04,2021-10-28,put_expired_otm,1,0,False,False,102393.59999999999,102393.59999999999,0.0,138.954581888,1535477.3599999999,7677386.8,180.0,0.0,,,,0,0,0,0,0,0,0,102393.59999999999,0.0,138.954581888,102254.64541811199,Power,24,,
108,TITAN,2021-10-04,2021-10-28,put_expired_otm,1,0,False,False,59450.625,59450.625,0.0,90.5758851125,917977.5,4589887.5,2040.0,0.0,,,,0,0,0,0,0,0,0,59450.625,0.0,90.5758851125,59360.0491148875,Consumer Durables,24,,
109,HINDALCO,2021-10-04,2021-10-28,put_expired_otm,1,0,False,False,107328.0,107328.0,0.0,144.51357824000002,1579132.0,7895660.0,460.0,0.0,,,,0,0,0,0,0,0,0,107328.0,0.0,144.51357824000002,107183.48642176,Metals & Mining,24,,
110,MARUTI,2021-10-04,2021-10-28,put_expired_otm,1,0,False,False,109044.0,109044.0,0.0,146.44678951999998,1631040.0,8155200.0,6800.0,0.0,,,,0,0,0,0,0,0,0,109044.0,0.0,146.44678951999998,108897.55321048,Automobile,24,,
111,BAJFINANCE,2021-10-04,2021-10-28,put_expired_otm,1,0,False,False,102338.4375,102338.4375,0.0,138.89243691874998,1596273.75,7981368.75,7100.0,0.0,,,,0,0,0,0,0,0,0,102338.4375,0.0,138.89243691874998,102199.54506308126,Financial Services,24,,
112,RELIANCE,2021-10-04,2021-10-28,put_expired_otm,1,0,False,False,16270.25,16270.25,0.0,41.929738245,594925.0,2974625.0,2380.0,0.0,,,,0,0,0,0,0,0,0,16270.25,0.0,41.929738245,16228.320261755,Oil Gas & Consumable Fuels,24,,
113,ICICIBANK,2021-11-01,2022-01-27,completed,1,2,True,True,223616.8,-35983.20000000026,479600.00000000023,69161.78407154401,1714790.0,8573950.0,760.0,751.05,2021-11-25,722.2,709.55,11000,0,11000,0,0,0,0,-35983.20000000026,479600.00000000023,69161.78407154401,374455.015928456,Financial Services,87,-0.01177631578947369,-0.05525597496837764
114,LT,2021-11-01,2021-11-25,put_expired_otm,1,0,False,False,37001.479999999996,37001.479999999996,0.0,65.28512733839999,1527108.0,7635540.0,1660.0,0.0,,,,0,0,0,0,0,0,0,37001.479999999996,0.0,65.28512733839999,36936.194872661596,Capital Goods,24,,
115,ULTRACEMCO,2021-11-01,2021-11-25,put_expired_otm,1,0,False,False,42953.68,42953.68,0.0,71.9907568144,1583560.0,7917800.0,7200.0,0.0,,,,0,0,0,0,0,0,0,42953.68,0.0,71.9907568144,42881.6892431856,Construction Materials,24,,
116,TECHM,2021-11-01,2021-11-25,put_expired_otm,1,0,False,False,96232.79999999999,96232.79999999999,0.0,132.01394782399998,1679460.0,8397300.0,1400.0,0.0,,,,0,0,0,0,0,0,0,96232.79999999999,0.0,132.01394782399998,96100.78605217599,Information Technology,24,,
117,SBIN,2021-11-01,2021-11-25,put_expired_otm,1,0,False,False,136743.75,136743.75,0.0,177.652773875,1566015.0,7830075.0,475.0,0.0,,,,0,0,0,0,0,0,0,136743.75,0.0,177.652773875,136566.097226125,Financial Services,24,,
118,UPL,2021-11-01,2021-11-25,put_expired_otm,1,0,False,False,198490.5,198490.5,0.0,247.21542748999997,1636596.0,8182980.0,700.0,0.0,,,,0,0,0,0,0,0,0,198490.5,0.0,247.21542748999997,198243.28457251,Chemicals,24,,
119,POWERGRID,2021-11-29,2021-12-30,put_expired_otm,1,0,False,False,159990.0,159990.0,0.0,203.84153419999998,1620805.3599999999,8104026.8,190.0,0.0,,,,0,0,0,0,0,0,0,159990.0,0.0,203.84153419999998,159786.1584658,Power,31,,
120,BHARTIARTL,2021-11-29,2022-04-01,residual_after_call_away,1,3,True,True,480351.495,-223051.4050000002,858235.4695000002,65008.29403552347,1630100.96,8150504.8,700.0,679.35,2021-12-30,683.8,653.7,11316,0,10450,866,866,866,0,-223051.4050000002,858235.4695000002,65008.29403552346,570175.7704644765,Telecommunication,123,-0.02949999999999997,-0.03775667917862657
121,ADANIPORTS,2021-11-29,2021-12-30,put_expired_otm,1,0,False,False,253926.0,253926.0,0.0,309.66795308,1529662.5,7648312.5,680.0,0.0,,,,0,0,0,0,0,0,0,253926.0,0.0,309.66795308,253616.33204692,Services,31,,
122,RELIANCE,2021-11-29,2021-12-30,put_expired_otm,1,0,False,False,75075.0,75075.0,0.0,108.17799349999999,1595790.0,7978950.0,2280.0,0.0,,,,0,0,0,0,0,0,0,75075.0,0.0,108.17799349999999,74966.8220065,Oil Gas & Consumable Fuels,31,,
123,TECHM,2021-11-29,2021-12-30,put_expired_otm,1,0,False,False,94243.5,94243.5,0.0,129.77284223,1554930.0,7774650.0,1440.0,0.0,,,,0,0,0,0,0,0,0,94243.5,0.0,129.77284223,94113.72715777,Information Technology,31,,
124,TATAMOTORS,2021-11-29,2021-12-30,put_expired_otm,1,0,False,False,195901.02000000002,195901.02000000002,0.0,244.29817111160003,1487358.0,7436790.0,435.0,0.0,,,,0,0,0,0,0,0,0,195901.02000000002,0.0,244.29817111160003,195656.72182888843,Automobile,31,,
125,HCLTECH,2022-01-03,2023-09-28,completed,1,12,True,True,458289.44,-639170.5600000003,1513260.0000000002,64136.79107386519,1564542.0,7822710.0,1250.0,1077.75,2022-01-27,1080.45,883.15,6300,0,6300,0,4200,0,3,-639170.5600000002,1513260.0000000002,64136.7910738652,809952.6489261348,Information Technology,633,-0.13780000000000003,-0.1805613546740895
126,TECHM,2022-01-03,2024-08-29,completed,1,6,True,True,254496.71999999997,-1001903.28,1544400.0,65229.417001921596,1609296.0,8046480.0,1700.0,1445.6,2022-01-27,1410.65,965.05,4800,0,4800,0,4200,0,2,-1001903.28,1544400.0,65229.417001921596,477267.3029980783,Information Technology,969,-0.14964705882352947,-0.33242252351964585
127,WIPRO,2022-01-03,,open,1,8,True,False,332296.0,-1270904.0,0.0,35804.14261927999,1697536.0,8487680.0,335.0,272.375,2022-01-27,276.075,170.39,12800,12800,0,0,1600,0,0,-1270904.0,-2086016.0000000005,35804.142619280006,-3392724.1426192806,Information Technology,1639,-0.18694029850746263,-0.37442863698944473
128,SUNPHARMA,2022-01-03,2022-01-27,put_expired_otm,1,0,False,False,64496.25,64496.25,0.0,96.26018532500001,1675485.0,8377425.0,800.0,0.0,,,,0,0,0,0,0,0,0,64496.25,0.0,96.26018532500001,64399.989814675,Healthcare,24,,
129,DRREDDY,2022-01-03,2023-04-27,completed,1,15,True,True,239691.6125,-80777.1375,432968.75,24776.88211306025,600031.25,3000156.25,4650.0,4256.35,2022-01-27,4309.45,3718.85,625,0,625,0,375,0,2,-80777.1375,432968.75,24776.88211306025,327414.7303869398,Healthcare,479,-0.08465591397849459,-0.12628190820773677
130,BHARTIARTL,2022-04-04,2022-04-28,put_expired_otm,1,0,False,False,62244.0,62244.0,0.0,93.72284552,1641372.0,8206860.0,720.0,0.0,,,,0,0,0,0,0,0,0,62244.0,0.0,93.72284552,62150.27715448,Telecommunication,24,,
131,HINDUNILVR,2022-05-02,2022-05-26,put_expired_otm,1,0,False,False,51246.0,51246.0,0.0,81.33271868000001,1526292.0,7631460.0,2120.0,0.0,,,,0,0,0,0,0,0,0,51246.0,0.0,81.33271868000001,51164.66728132,FMCG,24,,
132,ADANIPORTS,2022-05-02,2022-08-25,completed,1,3,True,True,158322.0,-127803.00000000012,298625.0000000001,16653.39909876,403950.0,2019750.0,810.0,701.55,2022-05-26,703.1,663.15,2500,0,2500,0,0,0,0,-127803.00000000012,298625.0000000001,16653.39909876,154168.60090124,Services,115,-0.13388888888888895,-0.05473594184306174
133,ASIANPAINT,2022-05-02,2022-07-01,uncoverable_odd_lot,1,1,True,False,10961.43,-20478.56999999999,-7970.486249999999,2384.359667040387,91225.5,456127.5,3050.0,2840.4,2022-05-26,2834.85,2580.2,150,0,0,150,0,0,0,-20478.56999999999,-7970.486249999999,2384.359667040387,-30833.415917040376,Consumer Durables,60,-0.06872131147540983,-0.09160681594141684
134,BAJAJFINSV,2022-07-29,2022-08-25,put_expired_otm,1,0,False,False,22010.625,22010.625,0.0,48.3967299125,412417.5,2062087.5,13750.0,0.0,,,,0,0,0,0,0,0,0,22010.625,0.0,48.3967299125,21962.2282700875,Financial Services,27,,
135,COALINDIA,2022-08-29,2022-10-27,completed,1,1,True,True,103320.0,-224280.0,453600.0,31155.549567200003,758520.0,3792600.0,217.5,213.9,2022-09-29,212.25,212.25,16800,0,16800,0,0,0,0,-224280.0,453600.0,31155.549567200003,198164.45043280002,Oil Gas & Consumable Fuels,59,-0.016551724137931045,-0.007713884992987419
136,BAJAJFINSV,2022-08-29,2022-09-29,put_expired_otm,1,0,False,False,131186.25,131186.24999999997,0.0,171.391805525,1372230.0,6861150.0,15250.0,0.0,,,,0,0,0,0,0,0,0,131186.24999999997,0.0,171.391805525,131014.85819447497,Financial Services,31,,
137,AXISBANK,2022-10-28,2022-11-24,put_expired_otm,1,0,False,False,77805.0,77805.0,0.0,111.25355689999999,1444464.0,7222320.0,860.0,0.0,,,,0,0,0,0,0,0,0,77805.0,0.0,111.25355689999999,77693.7464431,Financial Services,27,,
138,JSWSTEEL,2022-10-28,2022-11-24,put_expired_otm,1,0,False,False,103194.0,103194.0,0.0,139.85629652,1382184.0,6910920.0,640.0,0.0,,,,0,0,0,0,0,0,0,103194.0,0.0,139.85629652,103054.14370348,Metals & Mining,27,,
139,SUNPHARMA,2022-10-28,2022-11-24,put_expired_otm,1,0,False,False,8121.749999999999,8121.749999999999,0.0,32.749801115,132986.0,664930.0,950.0,0.0,,,,0,0,0,0,0,0,0,8121.749999999999,0.0,32.749801115,8089.000198884999,Healthcare,27,,
140,APOLLOHOSP,2022-11-29,2022-12-29,put_expired_otm,1,0,False,False,87786.65000000001,87786.65000000001,0.0,122.49868415700001,1556257.5,7781287.5,4450.0,0.0,,,,0,0,0,0,0,0,0,87786.65000000001,0.0,122.49868415700001,87664.151315843,Healthcare,30,,
141,INFY,2022-11-29,2023-12-28,completed,1,11,True,True,293368.48,76888.47999999934,386880.00000000064,60732.1480837984,1539888.0,7699440.0,1540.0,1517.55,2022-12-29,1508.2,1223.4,4800,0,4800,0,4000,0,6,76888.47999999934,386880.00000000064,60732.1480837984,403036.3319162016,Information Technology,394,-0.014577922077922079,-0.19383216368488676
142,BPCL,2022-11-29,2022-12-29,put_expired_otm,1,0,False,False,9180.0,9180.0,0.0,33.9420044,230004.0,1150020.0,320.0,0.0,,,,0,0,0,0,0,0,0,9180.0,0.0,33.9420044,9146.0579956,Oil Gas & Consumable Fuels,30,,
143,CIPLA,2023-09-04,2024-01-25,completed,1,4,True,True,41415.53,-1224.4700000000885,133640.0000000001,6847.185047452401,172230.5,861152.5,1180.0,1164.05,2023-09-28,1186.15,1150.85,650,0,650,0,0,0,0,-1224.4700000000885,133640.0000000001,6847.185047452401,125568.34495254759,Healthcare,143,-0.013516949152542423,-0.011339719084231814
144,COALINDIA,2023-10-03,2023-10-26,put_expired_otm,1,0,False,False,95550.0,95550.0,0.0,140.369744,1646106.0,8230530.0,280.0,0.0,,,,0,0,0,0,0,0,0,95550.0,0.0,140.369744,95409.630256,Oil Gas & Consumable Fuels,23,,
145,LT,2023-10-03,2023-10-26,put_expired_otm,1,0,False,False,28080.0,28080.0,0.0,57.9160064,1715490.0,8577450.0,2860.0,0.0,,,,0,0,0,0,0,0,0,28080.0,0.0,57.9160064,28022.0839936,Capital Goods,23,,
146,BHARTIARTL,2023-10-03,2023-10-26,put_expired_otm,1,0,False,False,26600.0,26600.0,0.0,56.107328,1671620.0,8358100.0,880.0,0.0,,,,0,0,0,0,0,0,0,26600.0,0.0,56.107328,26543.892672,Telecommunication,23,,
147,AXISBANK,2023-10-03,2023-11-30,completed,1,1,True,True,130943.75,-325806.2500000004,894250.0000000003,72530.03949425,1804425.0,9022125.0,980.0,972.05,2023-10-26,1002.75,971.8,8750,0,8750,0,0,0,0,-325806.2500000004,894250.0000000003,72530.03949425,495913.7105057499,Financial Services,58,-0.008112244897959253,-0.00025718841623367794
148,ONGC,2023-10-03,2023-10-26,put_expired_otm,1,0,False,False,30800.0,30800.0,0.0,61.240064000000004,554092.0,2770460.0,180.0,0.0,,,,0,0,0,0,0,0,0,30800.0,0.0,61.240064000000004,30738.759936,Oil Gas & Consumable Fuels,23,,
149,HEROMOTOCO,2023-12-04,2023-12-28,put_expired_otm,1,0,False,False,51830.88,51830.88,0.0,86.94148183040001,1708680.0,8543400.0,3560.0,0.0,,,,0,0,0,0,0,0,0,51830.88,0.0,86.94148183040001,51743.9385181696,Automobile,24,,
150,BPCL,2023-12-04,2023-12-28,put_expired_otm,1,0,False,False,49679.99999999999,49679.99999999999,0.0,84.31293439999999,1788048.0,8940240.0,415.0,0.0,,,,0,0,0,0,0,0,0,49679.99999999999,0.0,84.31293439999999,49595.687065599996,Oil Gas & Consumable Fuels,24,,
151,HDFCLIFE,2023-12-04,2023-12-28,put_expired_otm,1,0,False,False,50820.0,50820.0,0.0,85.70610560000001,1685640.0,8428200.0,640.0,0.0,,,,0,0,0,0,0,0,0,50820.0,0.0,85.70610560000001,50734.2938944,Financial Services,24,,
152,BAJAJ-AUTO,2023-12-04,2023-12-28,put_expired_otm,1,0,False,False,19890.0,19890.0,0.0,47.9071712,1709910.0,8549550.0,5700.0,0.0,,,,0,0,0,0,0,0,0,19890.0,0.0,47.9071712,19842.0928288,Automobile,24,,
153,AXISBANK,2023-12-04,2023-12-28,put_expired_otm,1,0,False,False,35648.4375,35648.4375,0.0,67.1652425,1689593.75,8447968.75,1040.0,0.0,,,,0,0,0,0,0,0,0,35648.4375,0.0,67.1652425,35581.2722575,Financial Services,24,,
154,BHARTIARTL,2023-12-04,2023-12-28,put_expired_otm,1,0,False,False,21375.0,21375.0,0.0,49.72196,1641429.0,8207145.0,960.0,0.0,,,,0,0,0,0,0,0,0,21375.0,0.0,49.72196,21325.27804,Telecommunication,24,,
155,M&M,2023-12-04,2023-12-28,put_expired_otm,1,0,False,False,33852.0,33852.0,0.0,64.96985216,1724352.0,8621760.0,1540.0,0.0,,,,0,0,0,0,0,0,0,33852.0,0.0,64.96985216,33787.03014784,Automobile,24,,
156,NTPC,2023-12-04,2023-12-28,put_expired_otm,1,0,False,False,34650.0,34650.0,0.0,65.945072,1682670.0,8413350.0,255.0,0.0,,,,0,0,0,0,0,0,0,34650.0,0.0,65.945072,34584.054928,Power,24,,
157,APOLLOHOSP,2023-12-04,2023-12-28,put_expired_otm,1,0,False,False,48481.875,48481.875,0.0,82.8487298,1722240.0,8611200.0,5300.0,0.0,,,,0,0,0,0,0,0,0,48481.875,0.0,82.8487298,48399.0262702,Healthcare,24,,
158,ULTRACEMCO,2023-12-04,2023-12-28,put_expired_otm,1,0,False,False,1681.8799999999999,1681.8799999999999,0.0,25.655391910400002,169981.0,849905.0,8500.0,0.0,,,,0,0,0,0,0,0,0,1681.8799999999999,0.0,25.655391910400002,1656.2246080895998,Construction Materials,24,,
159,DRREDDY,2023-12-04,2023-12-28,put_expired_otm,1,0,False,False,2535.0,2535.0,0.0,26.697972800000002,134973.75,674868.75,5400.0,0.0,,,,0,0,0,0,0,0,0,2535.0,0.0,26.697972800000002,2508.3020272,Healthcare,24,,
160,HINDALCO,2023-12-29,2024-04-25,completed,1,3,True,True,523139.54000000004,-548700.4599999986,1225839.9999999986,76736.5054596752,1828134.0,9140670.0,580.0,567.2,2024-01-25,567.9,503.85,15400,0,15400,0,0,0,0,-548700.4599999986,1225839.9999999986,76736.5054596752,600403.0345403248,Metals & Mining,118,-0.022068965517241246,-0.11168899858956283
161,TATACONSUM,2023-12-29,2024-01-25,put_expired_otm,1,0,False,False,31050.0,31050.0,0.0,61.545584000000005,1772910.0,8864550.0,985.0,0.0,,,,0,0,0,0,0,0,0,31050.0,0.0,61.545584000000005,30988.454416,FMCG,27,,
162,COALINDIA,2023-12-29,2024-01-25,put_expired_otm,1,0,False,False,149877.0,149877.0,0.0,206.76168416000002,1813896.0,9069480.0,360.0,0.0,,,,0,0,0,0,0,0,0,149877.0,0.0,206.76168416000002,149670.23831584,Oil Gas & Consumable Fuels,27,,
163,NTPC,2023-12-29,2024-01-25,put_expired_otm,1,0,False,False,130164.0,130164.0,0.0,182.67082112000003,1767300.0,8836500.0,295.0,0.0,,,,0,0,0,0,0,0,0,130164.0,0.0,182.67082112000003,129981.32917888,Power,27,,
164,BAJAJ-AUTO,2023-12-29,2024-01-25,put_expired_otm,1,0,False,False,57915.0,57915.0,0.0,94.3767632,1889685.0,9448425.0,6300.0,0.0,,,,0,0,0,0,0,0,0,57915.0,0.0,94.3767632,57820.6232368,Automobile,27,,
165,BPCL,2023-12-29,2024-01-25,put_expired_otm,1,0,False,False,247453.92,247453.92,0.0,326.0084865536,1900368.0,9501840.0,440.0,0.0,,,,0,0,0,0,0,0,0,247453.92,0.0,326.0084865536,247127.91151344642,Oil Gas & Consumable Fuels,27,,
166,ULTRACEMCO,2023-12-29,2024-01-25,put_expired_otm,1,0,False,False,78009.75,78009.75,0.0,118.93415528,1780416.0,8902080.0,9900.0,0.0,,,,0,0,0,0,0,0,0,78009.75,0.0,118.93415528,77890.81584472,Construction Materials,27,,
167,DIVISLAB,2023-12-29,2024-04-25,completed,1,3,True,True,466244.88,-169515.1200000002,635760.0000000002,73547.0791581504,1779744.0,8898720.0,3700.0,3578.85,2024-01-25,3570.6,3367.85,2400,0,2400,0,0,0,0,-169515.1200000002,635760.0000000002,73547.0791581504,392697.80084184965,Healthcare,118,-0.03274324324324329,-0.058957486343378496
168,TATAMOTORS,2023-12-29,2024-01-25,put_expired_otm,1,0,False,False,54393.39,54393.39,0.0,90.0730740512,1833718.5,9168592.5,715.0,0.0,,,,0,0,0,0,0,0,0,54393.39,0.0,90.0730740512,54303.3169259488,Automobile,27,,
169,M&M,2023-12-29,2024-02-29,completed,1,1,True,True,235599.28,-979040.7200000004,1662640.0000000005,80773.1555873024,1948632.0,9743160.0,1640.0,1635.5,2024-01-25,1640.0,1620.35,5600,0,5600,0,0,0,0,-979040.7200000004,1662640.0000000005,80773.1555873024,602826.1244126977,Automobile,62,-0.002743902439024337,-0.009263222256190806
170,JSWSTEEL,2023-12-29,2024-04-25,completed,1,3,True,True,822887.1675,362739.66750000103,1033897.499999999,81243.1695511209,2009846.25,10049231.25,830.0,815.7,2024-01-25,811.7,780.65,11475,0,11475,0,0,0,0,362739.66750000103,1033897.499999999,81243.1695511209,1315393.9979488791,Metals & Mining,118,-0.0172289156626505,-0.0429692288831679
171,BRITANNIA,2023-12-29,2024-01-25,put_expired_otm,1,0,False,False,51772.5,51772.5,0.0,86.8701368,1799280.0,8996400.0,5000.0,0.0,,,,0,0,0,0,0,0,0,51772.5,0.0,86.8701368,51685.6298632,FMCG,27,,
172,DRREDDY,2023-12-29,2024-01-25,put_expired_otm,1,0,False,False,77713.5125,77713.5125,0.0,118.57212935599999,1787272.5,8936362.5,5500.0,0.0,,,,0,0,0,0,0,0,0,77713.5125,0.0,118.57212935599999,77594.94037064399,Healthcare,27,,
173,BHARTIARTL,2023-12-29,2024-01-25,put_expired_otm,1,0,False,False,33390.98,33390.98,0.0,64.40644883840001,1303333.5,6516667.5,980.0,0.0,,,,0,0,0,0,0,0,0,33390.98,0.0,64.40644883840001,33326.5735511616,Telecommunication,27,,
174,M&M,2024-03-04,2024-03-28,put_expired_otm,1,0,False,False,108688.125,108688.125,0.0,156.42558379999997,1687322.0,8436610.0,1860.0,0.0,,,,0,0,0,0,0,0,0,108688.125,0.0,156.42558379999997,108531.6994162,Automobile,24,,
175,BAJFINANCE,2024-04-02,2024-04-25,put_expired_otm,1,0,False,False,76342.5,76342.5,0.0,116.44622165000001,2054565.0,10272825.0,6850.0,0.0,,,,0,0,0,0,0,0,0,76342.5,0.0,116.44622165000001,76226.05377835,Financial Services,23,,
176,MARUTI,2024-04-02,2024-04-25,put_expired_otm,1,0,False,False,3159.0,3159.0,0.0,27.441912619999997,118983.0,594915.0,11900.0,0.0,,,,0,0,0,0,0,0,0,3159.0,0.0,27.441912619999997,3131.55808738,Automobile,23,,
177,HINDALCO,2024-04-26,2024-05-30,put_expired_otm,1,0,False,False,144144.0,144144.0,0.0,198.90504992,2049432.0,10247160.0,610.0,0.0,,,,0,0,0,0,0,0,0,144144.0,0.0,198.90504992,143945.09495008,Metals & Mining,34,,
178,SBIN,2024-04-26,2024-05-30,put_expired_otm,1,0,False,False,72064.34999999999,72064.34999999999,0.0,111.24322118299999,1039297.5,5196487.5,770.0,0.0,,,,0,0,0,0,0,0,0,72064.34999999999,0.0,111.24322118299999,71953.10677881699,Financial Services,34,,
179,AXISBANK,2024-04-26,2024-05-30,put_expired_otm,1,0,False,False,77238.75,77238.75,0.0,117.53622297500002,2005875.0,10029375.0,1070.0,0.0,,,,0,0,0,0,0,0,0,77238.75,0.0,117.53622297500002,77121.213777025,Financial Services,34,,
180,JSWSTEEL,2024-04-26,2024-05-30,put_expired_otm,1,0,False,False,199609.91999999998,199609.91999999998,0.0,266.36159250559996,2088342.0,10441710.0,860.0,0.0,,,,0,0,0,0,0,0,0,199609.91999999998,0.0,266.36159250559996,199343.5584074944,Metals & Mining,34,,
181,BHARTIARTL,2024-04-26,2024-05-30,put_expired_otm,1,0,False,False,41496.0,41496.0,0.0,74.06660528,965124.0,4825620.0,1270.0,0.0,,,,0,0,0,0,0,0,0,41496.0,0.0,74.06660528,41421.93339472,Telecommunication,34,,
182,DRREDDY,2024-04-26,2024-06-27,completed,1,1,True,True,211233.75,102558.75000000096,633674.9999999991,85782.65764557499,2124237.5,10621187.5,5900.0,5873.8,2024-05-30,5791.85,5730.8,1750,0,1750,0,0,0,0,102558.75000000096,633674.9999999991,85782.65764557499,650451.0923544251,Healthcare,62,-0.004440677966101703,-0.02434539820899584
183,TATASTEEL,2024-04-26,2024-05-30,put_expired_otm,1,0,False,False,161700.0,161700.0,0.0,220.25630600000002,2084940.0,10424700.0,158.0,0.0,,,,0,0,0,0,0,0,0,161700.0,0.0,220.25630600000002,161479.743694,Metals & Mining,34,,
184,NTPC,2024-04-26,2024-05-30,put_expired_otm,1,0,False,False,73857.0,73857.0,0.0,113.42340626000001,1019700.0,5098500.0,340.0,0.0,,,,0,0,0,0,0,0,0,73857.0,0.0,113.42340626000001,73743.57659374,Power,34,,
185,POWERGRID,2024-04-26,2024-05-30,put_expired_otm,1,0,False,False,93600.0,93600.0,0.0,137.434448,1979640.0,9898200.0,275.0,0.0,,,,0,0,0,0,0,0,0,93600.0,0.0,137.434448,93462.565552,Power,34,,
186,DIVISLAB,2024-04-26,2024-05-30,put_expired_otm,1,0,False,False,58421.99999999999,58421.99999999999,0.0,94.65166796,2015916.0,10079580.0,3600.0,0.0,,,,0,0,0,0,0,0,0,58421.99999999999,0.0,94.65166796,58327.34833203999,Healthcare,34,,
187,M&M,2024-04-26,2024-05-30,put_expired_otm,1,0,False,False,161752.5,161752.5,0.0,220.32015545000002,2078842.5,10394212.5,1980.0,0.0,,,,0,0,0,0,0,0,0,161752.5,0.0,220.32015545000002,161532.17984455,Automobile,34,,
188,ITC,2024-04-26,2024-05-30,put_expired_otm,1,0,False,False,50400.0,50400.0,0.0,84.895472,1991040.0,9955200.0,415.0,0.0,,,,0,0,0,0,0,0,0,50400.0,0.0,84.895472,50315.104528,FMCG,34,,
189,ONGC,2024-04-26,2024-05-30,put_expired_otm,1,0,False,False,64487.5,64487.5,0.0,102.02840775,1019480.0,5097400.0,265.0,0.0,,,,0,0,0,0,0,0,0,64487.5,0.0,102.02840775,64385.47159225,Oil Gas & Consumable Fuels,34,,
190,COALINDIA,2024-04-26,2024-05-30,put_expired_otm,1,0,False,False,112612.5,112612.5,0.0,160.55707025,1963269.0,9816345.0,425.0,0.0,,,,0,0,0,0,0,0,0,112612.5,0.0,160.55707025,112451.94292975,Oil Gas & Consumable Fuels,34,,
191,MARUTI,2024-04-26,2024-05-30,put_expired_otm,1,0,False,False,140634.0,140634.0,0.0,194.63625812000004,1951600.0,9758000.0,12200.0,0.0,,,,0,0,0,0,0,0,0,140634.0,0.0,194.63625812000004,140439.36374188,Automobile,34,,
192,HINDALCO,2024-06-03,2024-06-27,put_expired_otm,1,0,False,False,138889.52000000002,138889.52000000002,0.0,192.5146564336,2001076.0,10005380.0,650.0,0.0,,,,0,0,0,0,0,0,0,138889.52000000002,0.0,192.5146564336,138697.00534356642,Metals & Mining,24,,
193,HEROMOTOCO,2024-06-03,2024-06-27,put_expired_otm,1,0,False,False,102228.75,102228.75,0.0,147.92856117499997,2159775.0,10798875.0,4800.0,0.0,,,,0,0,0,0,0,0,0,102228.75,0.0,147.92856117499997,102080.821438825,Automobile,24,,
194,BHARTIARTL,2024-06-03,2024-06-27,put_expired_otm,1,0,False,False,66134.25,66134.25,0.0,104.031152165,2099338.5,10496692.5,1300.0,0.0,,,,0,0,0,0,0,0,0,66134.25,0.0,104.031152165,66030.218847835,Telecommunication,24,,
195,M&M,2024-06-03,2024-06-27,put_expired_otm,1,0,False,False,27231.75,27231.75,0.0,56.718709715,1156375.5,5781877.5,2360.0,0.0,,,,0,0,0,0,0,0,0,27231.75,0.0,56.718709715,27175.031290285,Automobile,24,,
196,LT,2024-06-03,2024-06-27,put_expired_otm,1,0,False,False,20767.5,20767.5,0.0,48.857018149999995,1043610.0,5218050.0,3480.0,0.0,,,,0,0,0,0,0,0,0,20767.5,0.0,48.857018149999995,20718.64298185,Capital Goods,24,,
197,AXISBANK,2024-06-03,2024-06-27,put_expired_otm,1,0,False,False,43417.5,43417.5,0.0,76.40349515,2062312.5,10311562.5,1100.0,0.0,,,,0,0,0,0,0,0,0,43417.5,0.0,76.40349515,43341.09650485,Financial Services,24,,
198,HDFCBANK,2024-06-03,2024-06-27,put_expired_otm,1,0,False,False,43918.875,43918.875,0.0,77.0132573975,2073285.5,10366427.5,1450.0,0.0,,,,0,0,0,0,0,0,0,43918.875,0.0,77.0132573975,43841.8617426025,Financial Services,24,,
199,COALINDIA,2024-06-03,2024-06-27,put_expired_otm,1,0,False,False,99099.0,99099.0,0.0,144.12222182,2143911.0,10719555.0,465.0,0.0,,,,0,0,0,0,0,0,0,99099.0,0.0,144.12222182,98954.87777818,Oil Gas & Consumable Fuels,24,,
200,BRITANNIA,2024-06-03,2024-06-27,put_expired_otm,1,0,False,False,70785.0,70785.0,0.0,109.68730129999999,2155780.0,10778900.0,4900.0,0.0,,,,0,0,0,0,0,0,0,70785.0,0.0,109.68730129999999,70675.3126987,FMCG,24,,
201,CIPLA,2024-06-03,2024-06-27,put_expired_otm,1,0,False,False,47911.5,47911.5,0.0,81.86900807,2121522.0,10607610.0,1360.0,0.0,,,,0,0,0,0,0,0,0,47911.5,0.0,81.86900807,47829.63099193,Healthcare,24,,
202,SBIN,2024-06-03,2024-06-27,put_expired_otm,1,0,False,False,15975.0,15975.0,0.0,43.02847549999999,706275.0,3531375.0,785.0,0.0,,,,0,0,0,0,0,0,0,15975.0,0.0,43.02847549999999,15931.9715245,Financial Services,24,,
203,ULTRACEMCO,2024-06-28,2024-07-25,put_expired_otm,1,0,False,False,135768.8,135768.8,0.0,188.71929918399996,2218460.0,11092300.0,11100.0,0.0,,,,0,0,0,0,0,0,0,135768.8,0.0,188.71929918399996,135580.08070081598,Construction Materials,27,,
204,SHRIRAMFIN,2024-06-28,2024-08-29,completed,1,1,True,True,403445.25,-538404.75,2033850.0,94656.518845145,2408133.0,12040665.0,2800.0,2679.0,2024-07-25,2943.0,2836.8,3900,0,3900,0,0,0,0,-538404.75,2033850.0,94656.518845145,1400788.7311548549,Financial Services,62,-0.04321428571428576,0.058902575587906014
205,GRASIM,2024-06-28,2024-07-25,put_expired_otm,1,0,False,False,85775.4,85775.4,0.0,127.91832597199999,2249460.0,11247300.0,2500.0,0.0,,,,0,0,0,0,0,0,0,85775.4,0.0,127.91832597199999,85647.481674028,Construction Materials,27,,
206,BHARTIARTL,2024-06-28,2024-07-25,put_expired_otm,1,0,False,False,194466.1875,194466.1875,0.0,260.10588791375,2260515.5,11302577.5,1400.0,0.0,,,,0,0,0,0,0,0,0,194466.1875,0.0,260.10588791375,194206.08161208624,Telecommunication,27,,
207,AXISBANK,2024-06-28,2024-09-26,completed,1,2,True,True,295699.6875,-465550.3124999983,948749.9999999983,94659.74758969375,2326687.5,11633437.5,1220.0,1175.9,2024-07-25,1177.35,1126.1,9375,0,9375,0,0,0,0,-465550.3124999983,948749.9999999983,94659.74758969375,388539.93991030625,Financial Services,90,-0.03614754098360651,-0.04235054001190597
208,NTPC,2024-06-28,2024-07-25,put_expired_otm,1,0,False,False,99225.0,99225.0,0.0,144.2754605,2236185.0,11180925.0,355.0,0.0,,,,0,0,0,0,0,0,0,99225.0,0.0,144.2754605,99080.7245395,Power,27,,
209,ICICIBANK,2024-06-28,2024-07-25,put_expired_otm,1,0,False,False,77395.5,77395.5,0.0,117.72685918999998,2253216.0,11266080.0,1150.0,0.0,,,,0,0,0,0,0,0,0,77395.5,0.0,117.72685918999998,77277.77314081,Financial Services,27,,
210,ADANIPORTS,2024-06-28,2024-07-25,put_expired_otm,1,0,False,False,137669.6,137669.6,0.0,191.03101412800004,2239280.0,11196400.0,1400.0,0.0,,,,0,0,0,0,0,0,0,137669.6,0.0,191.03101412800004,137478.568985872,Services,27,,
211,INFY,2024-06-28,2024-07-25,put_expired_otm,1,0,False,False,92625.0,92625.0,0.0,136.2486725,2249372.0,11246860.0,1480.0,0.0,,,,0,0,0,0,0,0,0,92625.0,0.0,136.2486725,92488.7513275,Information Technology,27,,
212,KOTAKBANK,2024-06-28,2024-07-25,put_expired_otm,1,0,False,False,64311.0,64311.0,0.0,101.81375198,2336480.0,11682400.0,1720.0,0.0,,,,0,0,0,0,0,0,0,64311.0,0.0,101.81375198,64209.18624802,Financial Services,27,,
213,RELIANCE,2024-06-28,2024-07-25,put_expired_otm,1,0,False,False,46995.2,46995.2,0.0,80.75462233599998,2318920.0,11594600.0,2900.0,0.0,,,,0,0,0,0,0,0,0,46995.2,0.0,80.75462233599998,46914.445377664,Oil Gas & Consumable Fuels,27,,
214,DRREDDY,2024-06-28,2024-07-25,put_expired_otm,1,0,False,False,46068.75,46068.75,0.0,79.627892375,2212293.75,11061468.75,5900.0,0.0,,,,0,0,0,0,0,0,0,46068.75,0.0,79.627892375,45989.122107625,Healthcare,27,,
215,HDFCBANK,2024-06-28,2024-07-25,put_expired_otm,1,0,False,False,74244.17000000001,74244.17000000001,0.0,113.89427467060003,2298081.5,11490407.5,1610.0,0.0,,,,0,0,0,0,0,0,0,74244.17000000001,0.0,113.89427467060003,74130.27572532941,Financial Services,27,,
216,M&M,2024-06-28,2024-07-25,put_expired_otm,1,0,False,False,155968.12,155968.12,0.0,213.28530818160002,2109107.0,10545535.0,2740.0,0.0,,,,0,0,0,0,0,0,0,155968.12,0.0,213.28530818160002,155754.8346918184,Automobile,27,,
217,JSWSTEEL,2024-06-28,2024-08-29,completed,1,1,True,True,272956.83749999997,-83443.16250000047,660150.0000000005,74944.61686238075,1860873.75,9304368.75,890.0,874.5,2024-07-25,900.55,863.8,10125,0,10125,0,0,0,0,-83443.16250000047,660150.0000000005,74944.61686238075,501762.22063761926,Metals & Mining,62,-0.01741573033707866,-0.012235563178959463
218,ONGC,2024-07-30,2024-08-29,put_expired_otm,1,0,False,False,227103.8,227103.8,0.0,299.799099484,2425115.0,12125575.0,315.0,0.0,,,,0,0,0,0,0,0,0,227103.8,0.0,299.799099484,226804.000900516,Oil Gas & Consumable Fuels,30,,
219,TATAMOTORS,2024-07-30,2024-08-29,put_expired_otm,1,0,False,False,79766.72,79766.72,0.0,120.6106895296,1979488.5,9897442.5,1060.0,0.0,,,,0,0,0,0,0,0,0,79766.72,0.0,120.6106895296,79646.1093104704,Automobile,30,,
220,BAJAJFINSV,2024-09-02,2024-09-26,put_expired_otm,1,0,False,False,56306.25,56306.25,0.0,92.078535125,2519850.0,12599250.0,1680.0,0.0,,,,0,0,0,0,0,0,0,56306.25,0.0,92.078535125,56214.171464875,Financial Services,24,,
221,BAJAJ-AUTO,2024-09-02,2024-09-26,put_expired_otm,1,0,False,False,63531.0,63531.0,0.0,100.86513158,2471796.0,12358980.0,10300.0,0.0,,,,0,0,0,0,0,0,0,63531.0,0.0,100.86513158,63430.13486842,Automobile,24,,
222,BPCL,2024-09-02,2024-09-26,put_expired_otm,1,0,False,False,143732.88,143732.88,0.0,198.40505399839998,2190564.0,10952820.0,339.5,0.0,,,,0,0,0,0,0,0,0,143732.88,0.0,198.40505399839998,143534.4749460016,Oil Gas & Consumable Fuels,24,,
223,HCLTECH,2024-09-02,2024-09-26,put_expired_otm,1,0,False,False,49173.74,49173.74,0.0,83.40411911320001,2555938.0,12779690.0,1660.0,0.0,,,,0,0,0,0,0,0,0,49173.74,0.0,83.40411911320001,49090.3358808868,Information Technology,24,,
224,TATAMOTORS,2024-09-02,2025-10-13,terminated,1,3,True,False,346136.23,-341748.77000000025,-3953437.5374999996,61000.818350033675,2508451.0,12542255.0,1050.0,993.15,2024-09-26,993.0,579.75,12100,0,0,12100,9900,0,3,-341748.77000000025,-3953437.5374999996,61000.818350033675,-4356187.125850034,Automobile,406,-0.05414285714285716,-0.41625132155263556
225,BHARTIARTL,2024-09-02,2024-09-26,put_expired_otm,1,0,False,False,92532.375,92532.375,0.0,136.1360238275,2564829.0,12824145.0,1500.0,0.0,,,,0,0,0,0,0,0,0,92532.375,0.0,136.1360238275,92396.2389761725,Telecommunication,24,,
226,BAJFINANCE,2024-09-02,2024-09-26,put_expired_otm,1,0,False,False,52558.5,52558.5,0.0,87.52059653,2549831.25,12749156.25,6800.0,0.0,,,,0,0,0,0,0,0,0,52558.5,0.0,87.52059653,52470.97940347,Financial Services,24,,
227,TECHM,2024-09-02,2024-09-26,put_expired_otm,1,0,False,False,58558.5,58558.5,0.0,94.81767653000001,2401542.0,12007710.0,1540.0,0.0,,,,0,0,0,0,0,0,0,58558.5,0.0,94.81767653000001,58463.68232347,Information Technology,24,,
228,SBILIFE,2024-09-02,2024-09-26,put_expired_otm,1,0,False,False,49103.4375,49103.4375,0.0,83.31861861875,2218372.5,11091862.5,1740.0,0.0,,,,0,0,0,0,0,0,0,49103.4375,0.0,83.31861861875,49020.11888138125,Financial Services,24,,
229,SHRIRAMFIN,2024-09-02,2024-09-26,put_expired_otm,1,0,False,False,102170.04,102170.04,0.0,147.8571592472,2519748.0,12598740.0,3000.0,0.0,,,,0,0,0,0,0,0,0,102170.04,0.0,147.8571592472,102022.1828407528,Financial Services,24,,
230,HDFCLIFE,2024-09-02,2024-09-26,put_expired_otm,1,0,False,False,73788.0,73788.0,0.0,113.33948984,2463120.0,12315600.0,700.0,0.0,,,,0,0,0,0,0,0,0,73788.0,0.0,113.33948984,73674.66051016,Financial Services,24,,
231,INFY,2024-09-02,2024-09-26,put_expired_otm,1,0,False,False,52045.840000000004,52045.840000000004,0.0,86.89710969120001,2500632.0,12503160.0,1840.0,0.0,,,,0,0,0,0,0,0,0,52045.840000000004,0.0,86.89710969120001,51958.942890308805,Information Technology,24,,
232,HINDALCO,2024-09-02,2024-09-26,put_expired_otm,1,0,False,False,162365.84000000003,162365.84000000003,0.0,221.06608729120006,2402218.0,12011090.0,660.0,0.0,,,,0,0,0,0,0,0,0,162365.84000000003,0.0,221.06608729120006,162144.77391270883,Metals & Mining,24,,
233,DIVISLAB,2024-09-02,2024-09-26,put_expired_otm,1,0,False,False,55760.32,55760.32,0.0,91.41458597760001,1343888.0,6719440.0,4800.0,0.0,,,,0,0,0,0,0,0,0,55760.32,0.0,91.41458597760001,55668.905414022396,Healthcare,24,,
234,M&M,2024-09-30,2025-06-26,completed,1,8,True,True,1563675.12,357015.11999999936,2046660.0000000007,107448.65480370593,2688378.0,13441890.0,3000.0,2728.5,2024-10-31,2817.65,2491.25,4200,0,4200,0,0,0,0,357015.1199999993,2046660.0000000007,107448.65480370591,2296226.4651962942,Automobile,269,-0.09050000000000002,-0.0869525380245556
235,BAJAJ-AUTO,2024-09-30,,open,1,3,True,False,241553.865,-2030331.1350000007,0.0,52092.598978207156,2481423.0,12407115.0,12000.0,9836.3,2024-10-31,9875.95,7306.8,1050,0,0,0,0,0,0,-2030331.1350000007,251685.00000000076,52092.598978207156,-1830738.733978207,Automobile,638,-0.1803083333333334,-0.2571597043603794
236,MARUTI,2024-09-30,2025-08-28,completed,1,10,True,True,569897.45,-2605502.55,3810399.9999999995,111862.5347048383,2673360.0,13366800.0,12800.0,11076.6,2024-10-31,11110.0,10736.6,1000,0,1000,0,450,0,1,-2605502.55,3810399.9999999995,111862.5347048383,1093034.9152951613,Automobile,332,-0.13464062499999996,-0.030695339725186455
237,TATASTEEL,2024-09-30,2025-05-29,completed,1,7,True,True,518100.0,-683924.9999999994,1202024.9999999995,107449.5928754,2603535.0,13017675.0,157.5,148.55,2024-10-31,149.75,122.93,82500,0,82500,0,77000,0,3,-683924.9999999994,1202024.9999999995,107449.5928754,410650.4071246002,Metals & Mining,241,-0.05682539682539678,-0.17246718276674522
238,SHRIRAMFIN,2024-09-30,2025-06-26,completed,1,8,True,True,870134.2799999999,-307425.72000000055,1481760.000000001,101687.46646311149,2530800.0,12654000.0,680.0,627.78,2024-10-31,630.1899999999999,511.65,3600,14400,18000,0,1650,0,2,-307425.72000000055,1481760.000000001,101687.4664631115,1072646.813536889,Financial Services,269,-0.0767941176470589,-0.18498518589314727
239,BAJAJFINSV,2024-09-30,2025-02-27,completed,1,4,True,True,284108.05,-850466.9499999998,1134574.9999999998,100677.92489354871,2441790.0,12208950.0,1900.0,1750.95,2024-10-31,1754.7,1559.3,6500,0,6500,0,5000,0,3,-850466.9499999997,1134574.9999999998,100677.9248935487,183430.1251064513,Financial Services,150,-0.0784473684210526,-0.10945486735772014
240,HINDALCO,2024-09-30,2025-09-30,completed,1,11,True,True,1068090.38,414710.3799999985,1472380.0000000016,108860.6146518139,2687230.0,13436150.0,700.0,686.05,2024-10-31,690.9,561.8,18200,0,18200,0,12600,0,1,414710.3799999984,1472380.0000000016,108860.6146518139,1778229.7653481858,Metals & Mining,365,-0.019928571428571518,-0.18110924859704103
241,POWERGRID,2024-09-30,,open,1,12,True,False,641964.0,130764.00000000041,0.0,51024.846331976005,2437920.0,12189600.0,335.0,320.8,2024-10-31,322.05,250.85,36000,0,0,0,34100,0,12,130764.00000000041,-639000.0,51024.846331976,-559260.8463319757,Power,638,-0.04238805970149251,-0.2180486284289277
242,BHARTIARTL,2024-09-30,2025-04-24,completed,1,6,True,True,807118.0525,378739.3025000004,1881878.7499999995,114500.67046285678,2947940.25,14739701.25,1640.0,1612.55,2024-10-31,1616.45,1525.15,8075,0,8075,0,0,0,0,378739.3025000004,1881878.7499999995,114500.6704628568,2146117.382037143,Telecommunication,206,-0.016737804878048768,-0.054199869771479836
243,NESTLEIND,2024-09-30,2026-04-28,completed,1,16,True,True,843126.2999999999,-2241873.7,3276250.0,112102.19275623921,2640000.0,13200000.0,1300.0,1131.5,2024-10-31,1141.15,1073.25,5000,5000,10000,0,7000,0,12,-2241873.7,3276250.0,112102.19275623918,922274.1072437607,FMCG,575,-0.12961538461538458,-0.051480335837383984
244,BAJFINANCE,2024-09-30,2025-01-30,completed,1,3,True,True,365430.0,-1405220.0000000005,1770650.0000000002,107655.3905816225,2558727.5,12793637.5,7300.0,6889.8,2024-10-31,6923.6,6465.65,1750,0,1750,0,125,0,1,-1405220.0000000005,1770650.0000000002,107655.3905816225,257774.6094183775,Financial Services,122,-0.05619178082191778,-0.06156201921681337
245,JSWSTEEL,2024-09-30,2024-10-31,put_expired_otm,1,0,False,False,92137.5,92137.5,0.0,135.65578475,2554740.0,12773700.0,950.0,0.0,,,,0,0,0,0,0,0,0,92137.5,0.0,135.65578475,92001.84421525,Metals & Mining,31,,
246,ULTRACEMCO,2024-09-30,2025-03-27,completed,1,5,True,True,529868.57,-57366.42999999836,587234.9999999984,101833.55450325564,2559502.0,12797510.0,11200.0,11065.7,2024-10-31,11001.85,10128.45,1100,0,1100,0,0,0,0,-57366.42999999836,587234.9999999984,101833.55450325565,428035.0154967443,Construction Materials,178,-0.011991071428571365,-0.0846986634374689
247,AXISBANK,2024-09-30,2025-04-24,completed,1,6,True,True,237340.125,-30409.874999999487,267749.9999999995,55011.42102807675,1347862.5,6739312.5,1200.0,1159.5,2024-10-31,1169.55,948.1,5625,0,5625,0,0,0,0,-30409.874999999487,267749.9999999995,55011.42102807675,182328.70397192324,Financial Services,206,-0.03374999999999995,-0.18231996550237173
248,SBIN,2025-10-03,2025-10-28,put_expired_otm,1,0,False,False,27599.999999999996,27599.999999999996,0.0,62.80397839999999,1967880.0,9839400.0,820.0,0.0,,,,0,0,0,0,0,0,0,27599.999999999996,0.0,62.80397839999999,27537.196021599997,Financial Services,25,,
249,HINDALCO,2025-10-30,2025-12-30,completed,1,1,True,True,260851.5,-838708.4999999993,1393559.9999999993,100619.318815451,2446374.0,12231870.0,810.0,789.35,2025-11-25,800.8,800.8,14700,0,14700,0,0,0,0,-838708.4999999993,1393559.9999999993,100619.318815451,454232.1811845491,Metals & Mining,61,-0.025493827160493754,0.014505605878254224
250,SHRIRAMFIN,2025-10-30,2025-11-25,put_expired_otm,1,0,False,False,212837.625,212837.625,0.0,325.92179902925005,2425153.5,12125767.5,700.0,0.0,,,,0,0,0,0,0,0,0,212837.625,0.0,325.92179902925005,212511.70320097075,Financial Services,26,,
251,TATASTEEL,2025-10-30,2025-12-30,completed,1,1,True,True,270811.2,-352888.8000000011,623700.0000000012,93660.5897400608,2290332.0,11451660.0,175.0,166.35,2025-11-25,169.67,160.67,66000,0,66000,0,0,0,0,-352888.8000000011,623700.0000000012,93660.5897400608,177150.61025993928,Metals & Mining,61,-0.04942857142857149,-0.0341448752629997
252,SBILIFE,2025-10-30,2025-11-25,put_expired_otm,1,0,False,False,52522.35,52522.35,0.0,98.20453169990002,2371181.25,11855906.25,1860.0,0.0,,,,0,0,0,0,0,0,0,52522.35,0.0,98.20453169990002,52424.1454683001,Financial Services,26,,
253,SBIN,2025-10-30,2025-11-25,put_expired_otm,1,0,False,False,12175.2,12175.2,0.0,40.8940680368,400477.5,2002387.5,890.0,0.0,,,,0,0,0,0,0,0,0,12175.2,0.0,40.8940680368,12134.305931963201,Financial Services,26,,
254,HCLTECH,2025-10-30,2025-11-25,put_expired_otm,1,0,False,False,2286.375,2286.375,0.0,26.84764478675,102175.5,510877.5,1460.0,0.0,,,,0,0,0,0,0,0,0,2286.375,0.0,26.84764478675,2259.52735521325,Information Technology,26,,
255,SHRIRAMFIN,2026-01-01,2026-01-27,put_expired_otm,1,0,False,False,77220.0,77220.0,0.0,133.28591348,2479884.0,12399420.0,940.0,0.0,,,,0,0,0,0,0,0,0,77220.0,0.0,133.28591348,77086.71408652,Financial Services,26,,
256,HINDALCO,2026-01-01,2026-01-27,put_expired_otm,1,0,False,False,64496.25,64496.25,0.0,115.21266637250001,2469306.0,12346530.0,840.0,0.0,,,,0,0,0,0,0,0,0,64496.25,0.0,115.21266637250001,64381.0373336275,Metals & Mining,26,,
257,TATASTEEL,2026-01-01,2026-01-27,put_expired_otm,1,0,False,False,50765.0,50765.0,0.0,95.70833201,2430857.0,12154285.0,170.0,0.0,,,,0,0,0,0,0,0,0,50765.0,0.0,95.70833201,50669.29166799,Metals & Mining,26,,
258,COALINDIA,2026-01-01,2026-01-27,put_expired_otm,1,0,False,False,5062.5,5062.5,0.0,30.790947125,305734.5,1528672.5,377.5,0.0,,,,0,0,0,0,0,0,0,5062.5,0.0,30.790947125,5031.709052875,Oil Gas & Consumable Fuels,26,,
259,GRASIM,2026-01-02,2026-01-27,put_expired_otm,1,0,False,False,11090.625,11090.625,0.0,39.35350083125001,944510.0,4722550.0,2700.0,0.0,,,,0,0,0,0,0,0,0,11090.625,0.0,39.35350083125001,11051.27149916875,Construction Materials,25,,
260,TECHM,2026-01-28,,open,1,4,True,False,149868.0,-1970891.9999999995,0.0,48815.051042711995,2348496.0,11742480.0,1640.0,1345.45,2026-02-24,1361.8,1331.7,7200,0,0,0,1800,0,1,-1970891.9999999995,426600.0,48815.051042711995,-1593107.0510427114,Information Technology,153,-0.17960365853658533,-0.010219629120368667
261,JSWSTEEL,2026-01-28,2026-02-24,put_expired_otm,1,0,False,False,129321.56250000001,129321.56250000001,0.0,207.29274430812504,2346772.5,11733862.5,1160.0,0.0,,,,0,0,0,0,0,0,0,129321.56250000001,0.0,207.29274430812504,129114.26975569189,Metals & Mining,27,,
262,TATASTEEL,2026-01-28,2026-02-24,put_expired_otm,1,0,False,False,127413.0,127413.0,0.0,204.581757242,2402268.0,12011340.0,182.0,0.0,,,,0,0,0,0,0,0,0,127413.0,0.0,204.581757242,127208.418242758,Metals & Mining,27,,
263,HINDALCO,2026-01-28,2026-02-24,put_expired_otm,1,0,False,False,100497.45999999999,100497.45999999999,0.0,166.35000909764,2412088.0,12060440.0,910.0,0.0,,,,0,0,0,0,0,0,0,100497.45999999999,0.0,166.35000909764,100331.10999090235,Metals & Mining,27,,
264,AXISBANK,2026-01-28,2026-02-24,put_expired_otm,1,0,False,False,83179.6875,83179.6875,0.0,141.751256234375,2031087.5,10155437.5,1250.0,0.0,,,,0,0,0,0,0,0,0,83179.6875,0.0,141.751256234375,83037.93624376562,Financial Services,27,,
265,NTPC,2026-02-26,2026-03-30,put_expired_otm,1,0,False,False,28350.000000000004,28350.000000000004,0.0,63.86930390000001,765870.0,3829350.0,365.0,0.0,,,,0,0,0,0,0,0,0,28350.000000000004,0.0,63.86930390000001,28286.130696100005,Power,32,,
266,ONGC,2026-04-02,2026-04-28,put_expired_otm,1,0,False,False,67567.5,67567.5,0.0,153.358924295,859635.0,4298175.0,273.0,0.0,,,,0,0,0,0,0,0,0,67567.5,0.0,153.358924295,67414.141075705,Oil Gas & Consumable Fuels,26,,
267,ADANIENT,2026-04-30,2026-05-26,put_expired_otm,1,0,False,False,295520.6475,295520.6475,0.0,591.127899161015,2416117.35,12080586.75,2300.0,0.0,,,,0,0,0,0,0,0,0,295520.6475,0.0,591.127899161015,294929.519600839,Metals & Mining,26,,
268,NESTLEIND,2026-04-30,2026-05-26,put_expired_otm,1,0,False,False,53869.0,53869.0,0.0,127.05185914600001,1388550.0,6942750.0,1390.0,0.0,,,,0,0,0,0,0,0,0,53869.0,0.0,127.05185914600001,53741.948140854,FMCG,26,,
269,ONGC,2026-04-30,2026-05-26,put_expired_otm,1,0,False,False,123975.0,123975.0,0.0,261.68580515,2433757.5,12168787.5,285.0,0.0,,,,0,0,0,0,0,0,0,123975.0,0.0,261.68580515,123713.31419485,Oil Gas & Consumable Fuels,26,,
270,ADANIPORTS,2026-04-30,2026-05-26,put_expired_otm,1,0,False,False,166122.9375,166122.9375,0.0,342.628137354875,2518915.5,12594577.5,1560.0,0.0,,,,0,0,0,0,0,0,0,166122.9375,0.0,342.628137354875,165780.30936264512,Services,26,,
271,HINDALCO,2026-04-30,2026-05-26,put_expired_otm,1,0,False,False,283169.88,283169.88,0.0,567.40906532792,2544192.0,12720960.0,1010.0,0.0,,,,0,0,0,0,0,0,0,283169.88,0.0,567.40906532792,282602.4709346721,Metals & Mining,26,,
272,ETERNAL,2026-04-30,2026-05-26,put_expired_otm,1,0,False,False,230526.5625,230526.5625,0.0,466.311048528125,1744035.75,8720178.75,240.0,0.0,,,,0,0,0,0,0,0,0,230526.5625,0.0,466.311048528125,230060.25145147188,Consumer Services,26,,
273,ADANIENT,2026-06-01,2026-06-30,put_expired_otm,1,0,False,False,209461.67549999998,209461.67549999998,0.0,425.85732332716697,2576920.95,12884604.75,2780.0,0.0,,,,0,0,0,0,0,0,0,209461.67549999998,0.0,425.85732332716697,209035.81817667282,Metals & Mining,29,,
274,TMPV,2026-06-01,,open,1,0,True,False,217930.24000000002,-408629.7600000004,0.0,53855.88896252416,2592480.0,12962400.0,370.0,352.2,2026-06-30,,,35200,0,0,0,0,0,0,-408629.7600000004,0.0,53855.88896252416,-462485.6489625246,Automobile,29,-0.04810810810810817,
275,ADANIPORTS,2026-06-01,2026-06-30,put_expired_otm,1,0,False,False,131527.12,131527.12,0.0,276.18915317008,2583088.0,12915440.0,1700.0,0.0,,,,0,0,0,0,0,0,0,131527.12,0.0,276.18915317008,131250.93084682993,Services,29,,
276,HINDALCO,2026-06-01,,open,1,0,True,False,78351.0,-1032968.9999999998,0.0,43179.041404334,2083186.0,10415930.0,1070.0,956.6,2026-06-30,,,9800,0,0,0,0,0,0,-1032968.9999999998,0.0,43179.041404334,-1076148.0414043337,Metals & Mining,29,-0.10598130841121489,
277,CIPLA,2026-06-01,2026-06-30,put_expired_otm,1,0,False,False,36196.875,36196.875,0.0,93.11370944375,897682.5,4488412.5,1330.0,0.0,,,,0,0,0,0,0,0,0,36196.875,0.0,93.11370944375,36103.76129055625,Healthcare,29,,
278,ETERNAL,2026-06-01,2026-06-30,put_expired_otm,1,0,False,False,10048.715,10048.715,0.0,42.897893942310006,115163.25,575816.25,237.5,0.0,,,,0,0,0,0,0,0,0,10048.715,0.0,42.897893942310006,10005.81710605769,Consumer Services,29,,
279,GRASIM,2026-06-02,2026-06-30,put_expired_otm,1,0,False,False,5484.4,5484.4,0.0,34.132428229599995,291985.0,1459925.0,2920.0,0.0,,,,0,0,0,0,0,0,0,5484.4,0.0,34.132428229599995,5450.2675717704,Construction Materials,28,,
